CustomerID,FirstName,LastName,Email,Gender,State,City,JoinDate,PrimeMember
1,First1,Last1,c1@mail.com,F,NY,New York,2026-04-27,Yes
2,First2,Last2,c2@mail.com,M,WA,Seattle,2022-05-06,Yes
3,First3,Last3,c3@mail.com,F,NY,New York,2025-10-02,No
4,First4,Last4,c4@mail.com,M,WA,Seattle,2023-05-21,Yes
5,First5,Last5,c5@mail.com,F,WA,Seattle,2023-02-19,Yes
6,First6,Last6,c6@mail.com,F,WA,Seattle,2022-04-16,Yes
7,First7,Last7,c7@mail.com,F,TX,Dallas,2026-02-09,No
8,First8,Last8,c8@mail.com,F,FL,Miami,2023-10-19,No
9,First9,Last9,c9@mail.com,M,FL,Miami,2022-01-19,Yes
10,First10,Last10,c10@mail.com,M,FL,Miami,2024-07-25,No
11,First11,Last11,c11@mail.com,M,CA,Los Angeles,2025-11-19,No
12,First12,Last12,c12@mail.com,F,CA,Los Angeles,2025-09-02,Yes
13,First13,Last13,c13@mail.com,F,TX,Dallas,2024-12-07,No
14,First14,Last14,c14@mail.com,M,TX,Dallas,2026-05-04,No
15,First15,Last15,c15@mail.com,M,WA,Seattle,2025-02-05,No
16,First16,Last16,c16@mail.com,M,WA,Seattle,2023-06-23,No
17,First17,Last17,c17@mail.com,F,CA,Los Angeles,2022-02-11,No
18,First18,Last18,c18@mail.com,M,CA,Los Angeles,2026-04-01,Yes
19,First19,Last19,c19@mail.com,F,FL,Miami,2023-09-18,Yes
20,First20,Last20,c20@mail.com,F,NY,New York,2026-02-13,Yes
21,First21,Last21,c21@mail.com,F,TX,Dallas,2024-05-08,No
22,First22,Last22,c22@mail.com,M,NY,New York,2024-04-11,No
23,First23,Last23,c23@mail.com,M,CA,Los Angeles,2023-01-31,No
24,First24,Last24,c24@mail.com,F,CA,Los Angeles,2024-12-22,No
25,First25,Last25,c25@mail.com,F,NY,New York,2022-11-25,Yes
26,First26,Last26,c26@mail.com,F,TX,Dallas,2022-11-23,No
27,First27,Last27,c27@mail.com,M,FL,Miami,2024-05-21,Yes
28,First28,Last28,c28@mail.com,F,NY,New York,2025-01-03,Yes
29,First29,Last29,c29@mail.com,M,CA,Los Angeles,2026-02-08,No
30,First30,Last30,c30@mail.com,M,FL,Miami,2023-08-06,No
31,First31,Last31,c31@mail.com,F,FL,Miami,2023-11-05,Yes
32,First32,Last32,c32@mail.com,F,NY,New York,2025-05-21,Yes
33,First33,Last33,c33@mail.com,F,FL,Miami,2024-11-22,Yes
34,First34,Last34,c34@mail.com,M,FL,Miami,2025-05-10,No
35,First35,Last35,c35@mail.com,M,FL,Miami,2025-09-14,Yes
36,First36,Last36,c36@mail.com,F,TX,Dallas,2024-02-22,No
37,First37,Last37,c37@mail.com,F,TX,Dallas,2024-02-25,No
38,First38,Last38,c38@mail.com,M,FL,Miami,2024-12-29,No
39,First39,Last39,c39@mail.com,F,WA,Seattle,2024-02-05,No
40,First40,Last40,c40@mail.com,M,CA,Los Angeles,2022-02-21,No
41,First41,Last41,c41@mail.com,F,FL,Miami,2022-05-17,Yes
42,First42,Last42,c42@mail.com,F,WA,Seattle,2023-03-12,No
43,First43,Last43,c43@mail.com,M,FL,Miami,2023-05-03,No
44,First44,Last44,c44@mail.com,F,TX,Dallas,2022-10-01,Yes
45,First45,Last45,c45@mail.com,M,WA,Seattle,2023-04-04,No
46,First46,Last46,c46@mail.com,M,TX,Dallas,2023-09-04,No
47,First47,Last47,c47@mail.com,M,WA,Seattle,2022-03-12,No
48,First48,Last48,c48@mail.com,M,TX,Dallas,2024-01-07,Yes
49,First49,Last49,c49@mail.com,F,NY,New York,2025-07-18,Yes
50,First50,Last50,c50@mail.com,M,WA,Seattle,2022-10-13,Yes
51,First51,Last51,c51@mail.com,M,NY,New York,2025-06-24,Yes
52,First52,Last52,c52@mail.com,M,CA,Los Angeles,2025-07-31,Yes
53,First53,Last53,c53@mail.com,F,NY,New York,2022-04-14,No
54,First54,Last54,c54@mail.com,F,WA,Seattle,2026-02-23,No
55,First55,Last55,c55@mail.com,F,CA,Los Angeles,2025-10-04,No
56,First56,Last56,c56@mail.com,F,NY,New York,2023-07-23,No
57,First57,Last57,c57@mail.com,F,FL,Miami,2025-01-28,Yes
58,First58,Last58,c58@mail.com,F,CA,Los Angeles,2023-08-08,No
59,First59,Last59,c59@mail.com,F,WA,Seattle,2025-07-04,Yes
60,First60,Last60,c60@mail.com,M,NY,New York,2023-06-21,No
61,First61,Last61,c61@mail.com,M,NY,New York,2022-04-27,Yes
62,First62,Last62,c62@mail.com,F,FL,Miami,2026-01-25,No
63,First63,Last63,c63@mail.com,M,WA,Seattle,2022-04-11,No
64,First64,Last64,c64@mail.com,M,FL,Miami,2026-05-09,No
65,First65,Last65,c65@mail.com,F,TX,Dallas,2025-07-06,Yes
66,First66,Last66,c66@mail.com,F,WA,Seattle,2022-08-14,Yes
67,First67,Last67,c67@mail.com,M,CA,Los Angeles,2025-12-17,Yes
68,First68,Last68,c68@mail.com,M,TX,Dallas,2024-08-27,No
69,First69,Last69,c69@mail.com,M,NY,New York,2024-04-27,No
70,First70,Last70,c70@mail.com,M,FL,Miami,2023-04-14,Yes
71,First71,Last71,c71@mail.com,F,TX,Dallas,2024-04-04,No
72,First72,Last72,c72@mail.com,M,TX,Dallas,2022-11-27,No
73,First73,Last73,c73@mail.com,F,WA,Seattle,2023-09-03,No
74,First74,Last74,c74@mail.com,F,WA,Seattle,2023-01-26,No
75,First75,Last75,c75@mail.com,F,TX,Dallas,2024-08-10,Yes
76,First76,Last76,c76@mail.com,M,NY,New York,2025-01-24,No
77,First77,Last77,c77@mail.com,M,FL,Miami,2023-05-08,Yes
78,First78,Last78,c78@mail.com,F,NY,New York,2024-02-15,Yes
79,First79,Last79,c79@mail.com,M,TX,Dallas,2022-06-01,Yes
80,First80,Last80,c80@mail.com,M,FL,Miami,2022-04-09,Yes
81,First81,Last81,c81@mail.com,F,FL,Miami,2024-03-05,No
82,First82,Last82,c82@mail.com,M,FL,Miami,2025-07-29,No
83,First83,Last83,c83@mail.com,F,CA,Los Angeles,2026-01-24,Yes
84,First84,Last84,c84@mail.com,M,WA,Seattle,2025-08-05,Yes
85,First85,Last85,c85@mail.com,M,TX,Dallas,2023-06-17,Yes
86,First86,Last86,c86@mail.com,M,WA,Seattle,2023-06-08,No
87,First87,Last87,c87@mail.com,F,CA,Los Angeles,2023-09-14,Yes
88,First88,Last88,c88@mail.com,M,WA,Seattle,2023-03-03,Yes
89,First89,Last89,c89@mail.com,F,WA,Seattle,2022-11-21,No
90,First90,Last90,c90@mail.com,F,FL,Miami,2023-10-19,Yes
91,First91,Last91,c91@mail.com,F,NY,New York,2022-11-14,Yes
92,First92,Last92,c92@mail.com,F,CA,Los Angeles,2022-07-14,Yes
93,First93,Last93,c93@mail.com,M,WA,Seattle,2022-12-13,Yes
94,First94,Last94,c94@mail.com,M,FL,Miami,2023-11-08,No
95,First95,Last95,c95@mail.com,F,WA,Seattle,2025-04-15,No
96,First96,Last96,c96@mail.com,M,WA,Seattle,2022-07-08,No
97,First97,Last97,c97@mail.com,F,CA,Los Angeles,2025-04-30,Yes
98,First98,Last98,c98@mail.com,M,NY,New York,2025-04-28,Yes
99,First99,Last99,c99@mail.com,F,WA,Seattle,2025-05-04,Yes
100,First100,Last100,c100@mail.com,F,TX,Dallas,2023-09-11,Yes
101,First101,Last101,c101@mail.com,M,TX,Dallas,2026-02-22,No
102,First102,Last102,c102@mail.com,M,CA,Los Angeles,2025-04-02,No
103,First103,Last103,c103@mail.com,M,NY,New York,2025-12-20,Yes
104,First104,Last104,c104@mail.com,M,CA,Los Angeles,2024-09-10,No
105,First105,Last105,c105@mail.com,F,NY,New York,2025-05-12,No
106,First106,Last106,c106@mail.com,F,CA,Los Angeles,2025-01-09,No
107,First107,Last107,c107@mail.com,F,FL,Miami,2024-02-25,No
108,First108,Last108,c108@mail.com,M,NY,New York,2022-08-21,Yes
109,First109,Last109,c109@mail.com,F,FL,Miami,2023-06-14,No
110,First110,Last110,c110@mail.com,F,FL,Miami,2022-05-24,Yes
111,First111,Last111,c111@mail.com,M,NY,New York,2024-01-20,Yes
112,First112,Last112,c112@mail.com,M,WA,Seattle,2023-11-04,Yes
113,First113,Last113,c113@mail.com,F,WA,Seattle,2023-10-12,Yes
114,First114,Last114,c114@mail.com,F,TX,Dallas,2025-05-19,No
115,First115,Last115,c115@mail.com,M,WA,Seattle,2022-07-03,No
116,First116,Last116,c116@mail.com,F,FL,Miami,2024-04-25,No
117,First117,Last117,c117@mail.com,M,NY,New York,2025-07-15,Yes
118,First118,Last118,c118@mail.com,M,NY,New York,2024-12-21,No
119,First119,Last119,c119@mail.com,M,TX,Dallas,2024-12-11,Yes
120,First120,Last120,c120@mail.com,F,TX,Dallas,2024-07-20,No
121,First121,Last121,c121@mail.com,F,CA,Los Angeles,2023-05-22,No
122,First122,Last122,c122@mail.com,F,TX,Dallas,2023-12-08,No
123,First123,Last123,c123@mail.com,M,WA,Seattle,2026-05-05,No
124,First124,Last124,c124@mail.com,M,FL,Miami,2024-06-10,No
125,First125,Last125,c125@mail.com,M,FL,Miami,2025-11-10,Yes
126,First126,Last126,c126@mail.com,M,WA,Seattle,2023-08-14,Yes
127,First127,Last127,c127@mail.com,F,WA,Seattle,2023-12-10,No
128,First128,Last128,c128@mail.com,M,CA,Los Angeles,2023-08-06,Yes
129,First129,Last129,c129@mail.com,M,TX,Dallas,2023-07-27,No
130,First130,Last130,c130@mail.com,F,CA,Los Angeles,2022-03-25,No
131,First131,Last131,c131@mail.com,F,FL,Miami,2024-04-15,No
132,First132,Last132,c132@mail.com,F,WA,Seattle,2024-08-27,No
133,First133,Last133,c133@mail.com,M,WA,Seattle,2025-03-17,No
134,First134,Last134,c134@mail.com,F,FL,Miami,2023-09-10,No
135,First135,Last135,c135@mail.com,F,TX,Dallas,2024-05-12,Yes
136,First136,Last136,c136@mail.com,F,FL,Miami,2024-03-18,Yes
137,First137,Last137,c137@mail.com,M,TX,Dallas,2024-03-09,Yes
138,First138,Last138,c138@mail.com,M,CA,Los Angeles,2025-10-18,No
139,First139,Last139,c139@mail.com,M,FL,Miami,2025-03-04,Yes
140,First140,Last140,c140@mail.com,M,WA,Seattle,2023-09-16,No
141,First141,Last141,c141@mail.com,F,CA,Los Angeles,2023-12-09,No
142,First142,Last142,c142@mail.com,F,FL,Miami,2025-10-02,Yes
143,First143,Last143,c143@mail.com,M,TX,Dallas,2024-04-22,No
144,First144,Last144,c144@mail.com,F,NY,New York,2023-09-25,Yes
145,First145,Last145,c145@mail.com,F,TX,Dallas,2026-02-16,Yes
146,First146,Last146,c146@mail.com,M,CA,Los Angeles,2024-04-03,Yes
147,First147,Last147,c147@mail.com,F,NY,New York,2025-08-07,Yes
148,First148,Last148,c148@mail.com,F,NY,New York,2022-02-02,Yes
149,First149,Last149,c149@mail.com,F,NY,New York,2024-11-25,No
150,First150,Last150,c150@mail.com,F,NY,New York,2024-07-06,No
151,First151,Last151,c151@mail.com,M,FL,Miami,2024-02-24,Yes
152,First152,Last152,c152@mail.com,F,TX,Dallas,2025-12-18,No
153,First153,Last153,c153@mail.com,M,WA,Seattle,2025-09-13,No
154,First154,Last154,c154@mail.com,M,NY,New York,2023-03-11,No
155,First155,Last155,c155@mail.com,M,WA,Seattle,2025-09-05,Yes
156,First156,Last156,c156@mail.com,F,FL,Miami,2023-02-14,No
157,First157,Last157,c157@mail.com,F,CA,Los Angeles,2024-01-26,No
158,First158,Last158,c158@mail.com,M,TX,Dallas,2024-11-04,Yes
159,First159,Last159,c159@mail.com,F,TX,Dallas,2023-02-06,Yes
160,First160,Last160,c160@mail.com,F,TX,Dallas,2022-04-22,No
161,First161,Last161,c161@mail.com,M,NY,New York,2025-01-09,No
162,First162,Last162,c162@mail.com,F,TX,Dallas,2023-02-02,No
163,First163,Last163,c163@mail.com,F,NY,New York,2024-04-17,No
164,First164,Last164,c164@mail.com,M,FL,Miami,2023-10-20,Yes
165,First165,Last165,c165@mail.com,M,CA,Los Angeles,2024-04-10,No
166,First166,Last166,c166@mail.com,M,NY,New York,2025-05-12,Yes
167,First167,Last167,c167@mail.com,M,NY,New York,2023-10-01,Yes
168,First168,Last168,c168@mail.com,M,NY,New York,2026-04-08,Yes
169,First169,Last169,c169@mail.com,M,NY,New York,2024-02-15,Yes
170,First170,Last170,c170@mail.com,M,FL,Miami,2025-06-16,No
171,First171,Last171,c171@mail.com,F,WA,Seattle,2025-09-28,No
172,First172,Last172,c172@mail.com,F,TX,Dallas,2024-02-07,No
173,First173,Last173,c173@mail.com,M,WA,Seattle,2024-07-13,No
174,First174,Last174,c174@mail.com,F,FL,Miami,2023-04-25,Yes
175,First175,Last175,c175@mail.com,F,NY,New York,2026-05-07,Yes
176,First176,Last176,c176@mail.com,F,WA,Seattle,2023-11-07,No
177,First177,Last177,c177@mail.com,M,FL,Miami,2022-06-22,No
178,First178,Last178,c178@mail.com,F,FL,Miami,2023-01-28,Yes
179,First179,Last179,c179@mail.com,F,WA,Seattle,2023-06-14,No
180,First180,Last180,c180@mail.com,M,TX,Dallas,2024-02-13,Yes
181,First181,Last181,c181@mail.com,F,WA,Seattle,2023-07-23,Yes
182,First182,Last182,c182@mail.com,M,WA,Seattle,2022-07-02,No
183,First183,Last183,c183@mail.com,M,FL,Miami,2022-05-03,No
184,First184,Last184,c184@mail.com,F,FL,Miami,2025-06-29,Yes
185,First185,Last185,c185@mail.com,F,TX,Dallas,2024-11-24,No
186,First186,Last186,c186@mail.com,F,TX,Dallas,2026-02-04,Yes
187,First187,Last187,c187@mail.com,F,CA,Los Angeles,2025-04-28,No
188,First188,Last188,c188@mail.com,F,CA,Los Angeles,2024-08-06,No
189,First189,Last189,c189@mail.com,F,NY,New York,2023-02-24,Yes
190,First190,Last190,c190@mail.com,F,WA,Seattle,2022-05-30,Yes
191,First191,Last191,c191@mail.com,M,TX,Dallas,2022-09-05,No
192,First192,Last192,c192@mail.com,M,TX,Dallas,2023-09-21,Yes
193,First193,Last193,c193@mail.com,M,NY,New York,2022-12-26,No
194,First194,Last194,c194@mail.com,F,WA,Seattle,2023-05-31,No
195,First195,Last195,c195@mail.com,F,NY,New York,2022-06-26,No
196,First196,Last196,c196@mail.com,M,TX,Dallas,2026-02-18,No
197,First197,Last197,c197@mail.com,F,CA,Los Angeles,2024-04-23,Yes
198,First198,Last198,c198@mail.com,F,FL,Miami,2023-11-01,Yes
199,First199,Last199,c199@mail.com,F,WA,Seattle,2026-01-10,Yes
200,First200,Last200,c200@mail.com,M,FL,Miami,2025-06-18,Yes
201,First201,Last201,c201@mail.com,M,FL,Miami,2022-08-28,Yes
202,First202,Last202,c202@mail.com,F,TX,Dallas,2025-04-15,No
203,First203,Last203,c203@mail.com,F,FL,Miami,2023-10-29,Yes
204,First204,Last204,c204@mail.com,F,FL,Miami,2022-01-11,No
205,First205,Last205,c205@mail.com,M,FL,Miami,2025-07-28,No
206,First206,Last206,c206@mail.com,F,TX,Dallas,2026-03-03,No
207,First207,Last207,c207@mail.com,F,WA,Seattle,2023-07-14,No
208,First208,Last208,c208@mail.com,F,FL,Miami,2023-08-12,No
209,First209,Last209,c209@mail.com,F,CA,Los Angeles,2022-10-14,Yes
210,First210,Last210,c210@mail.com,F,NY,New York,2024-06-09,Yes
211,First211,Last211,c211@mail.com,F,TX,Dallas,2026-04-01,No
212,First212,Last212,c212@mail.com,F,WA,Seattle,2025-06-30,Yes
213,First213,Last213,c213@mail.com,M,TX,Dallas,2023-07-22,No
214,First214,Last214,c214@mail.com,F,NY,New York,2024-03-24,Yes
215,First215,Last215,c215@mail.com,M,WA,Seattle,2022-07-15,Yes
216,First216,Last216,c216@mail.com,M,FL,Miami,2023-01-05,Yes
217,First217,Last217,c217@mail.com,F,NY,New York,2023-05-06,Yes
218,First218,Last218,c218@mail.com,F,TX,Dallas,2022-06-11,No
219,First219,Last219,c219@mail.com,F,TX,Dallas,2024-05-26,Yes
220,First220,Last220,c220@mail.com,F,TX,Dallas,2022-04-01,Yes
221,First221,Last221,c221@mail.com,M,WA,Seattle,2022-04-22,Yes
222,First222,Last222,c222@mail.com,M,FL,Miami,2024-07-23,Yes
223,First223,Last223,c223@mail.com,M,TX,Dallas,2026-04-26,No
224,First224,Last224,c224@mail.com,F,WA,Seattle,2025-08-25,No
225,First225,Last225,c225@mail.com,F,CA,Los Angeles,2026-05-13,No
226,First226,Last226,c226@mail.com,F,FL,Miami,2024-01-14,No
227,First227,Last227,c227@mail.com,F,TX,Dallas,2022-08-16,Yes
228,First228,Last228,c228@mail.com,M,CA,Los Angeles,2022-04-15,No
229,First229,Last229,c229@mail.com,M,NY,New York,2025-04-01,Yes
230,First230,Last230,c230@mail.com,F,WA,Seattle,2025-08-18,No
231,First231,Last231,c231@mail.com,M,CA,Los Angeles,2026-01-18,No
232,First232,Last232,c232@mail.com,F,FL,Miami,2024-01-03,Yes
233,First233,Last233,c233@mail.com,M,TX,Dallas,2026-03-16,No
234,First234,Last234,c234@mail.com,F,CA,Los Angeles,2025-03-28,Yes
235,First235,Last235,c235@mail.com,M,NY,New York,2024-04-11,No
236,First236,Last236,c236@mail.com,M,NY,New York,2023-03-26,Yes
237,First237,Last237,c237@mail.com,F,WA,Seattle,2022-04-17,No
238,First238,Last238,c238@mail.com,F,WA,Seattle,2025-11-07,Yes
239,First239,Last239,c239@mail.com,F,TX,Dallas,2026-02-06,No
240,First240,Last240,c240@mail.com,F,WA,Seattle,2022-05-24,No
241,First241,Last241,c241@mail.com,M,WA,Seattle,2022-05-23,Yes
242,First242,Last242,c242@mail.com,F,WA,Seattle,2025-12-22,Yes
243,First243,Last243,c243@mail.com,F,WA,Seattle,2024-10-18,Yes
244,First244,Last244,c244@mail.com,M,FL,Miami,2024-07-08,No
245,First245,Last245,c245@mail.com,M,CA,Los Angeles,2024-09-15,No
246,First246,Last246,c246@mail.com,F,WA,Seattle,2024-03-04,Yes
247,First247,Last247,c247@mail.com,M,NY,New York,2023-05-01,No
248,First248,Last248,c248@mail.com,M,NY,New York,2024-04-05,No
249,First249,Last249,c249@mail.com,F,WA,Seattle,2024-04-21,Yes
250,First250,Last250,c250@mail.com,F,FL,Miami,2025-08-09,No
251,First251,Last251,c251@mail.com,F,CA,Los Angeles,2024-02-03,No
252,First252,Last252,c252@mail.com,M,TX,Dallas,2023-12-28,No
253,First253,Last253,c253@mail.com,M,NY,New York,2022-09-21,No
254,First254,Last254,c254@mail.com,M,NY,New York,2024-09-07,No
255,First255,Last255,c255@mail.com,M,TX,Dallas,2022-12-09,Yes
256,First256,Last256,c256@mail.com,F,FL,Miami,2022-05-09,Yes
257,First257,Last257,c257@mail.com,M,NY,New York,2024-09-09,No
258,First258,Last258,c258@mail.com,M,FL,Miami,2025-11-17,No
259,First259,Last259,c259@mail.com,M,CA,Los Angeles,2025-12-19,Yes
260,First260,Last260,c260@mail.com,F,NY,New York,2025-05-02,No
261,First261,Last261,c261@mail.com,M,FL,Miami,2023-09-10,Yes
262,First262,Last262,c262@mail.com,F,TX,Dallas,2025-10-06,No
263,First263,Last263,c263@mail.com,M,TX,Dallas,2026-02-13,No
264,First264,Last264,c264@mail.com,M,TX,Dallas,2026-04-22,No
265,First265,Last265,c265@mail.com,M,CA,Los Angeles,2025-01-24,Yes
266,First266,Last266,c266@mail.com,M,FL,Miami,2022-08-15,No
267,First267,Last267,c267@mail.com,M,FL,Miami,2025-05-30,Yes
268,First268,Last268,c268@mail.com,M,WA,Seattle,2022-06-23,No
269,First269,Last269,c269@mail.com,M,FL,Miami,2023-10-27,Yes
270,First270,Last270,c270@mail.com,F,TX,Dallas,2022-07-12,No
271,First271,Last271,c271@mail.com,M,FL,Miami,2022-03-20,No
272,First272,Last272,c272@mail.com,F,FL,Miami,2024-10-26,No
273,First273,Last273,c273@mail.com,F,TX,Dallas,2026-03-23,Yes
274,First274,Last274,c274@mail.com,M,NY,New York,2024-09-13,Yes
275,First275,Last275,c275@mail.com,M,FL,Miami,2025-05-24,Yes
276,First276,Last276,c276@mail.com,M,WA,Seattle,2023-08-12,No
277,First277,Last277,c277@mail.com,M,WA,Seattle,2023-12-22,No
278,First278,Last278,c278@mail.com,M,TX,Dallas,2023-12-02,Yes
279,First279,Last279,c279@mail.com,F,WA,Seattle,2024-12-30,Yes
280,First280,Last280,c280@mail.com,M,TX,Dallas,2024-04-24,No
281,First281,Last281,c281@mail.com,M,CA,Los Angeles,2023-12-27,Yes
282,First282,Last282,c282@mail.com,M,WA,Seattle,2025-10-17,Yes
283,First283,Last283,c283@mail.com,M,NY,New York,2026-01-29,No
284,First284,Last284,c284@mail.com,M,CA,Los Angeles,2024-09-05,No
285,First285,Last285,c285@mail.com,F,TX,Dallas,2022-05-26,Yes
286,First286,Last286,c286@mail.com,F,FL,Miami,2024-06-19,Yes
287,First287,Last287,c287@mail.com,F,CA,Los Angeles,2022-03-30,Yes
288,First288,Last288,c288@mail.com,M,FL,Miami,2023-08-07,No
289,First289,Last289,c289@mail.com,F,WA,Seattle,2025-04-20,No
290,First290,Last290,c290@mail.com,M,FL,Miami,2023-01-15,Yes
291,First291,Last291,c291@mail.com,M,TX,Dallas,2023-08-01,No
292,First292,Last292,c292@mail.com,M,FL,Miami,2022-02-09,No
293,First293,Last293,c293@mail.com,F,WA,Seattle,2025-06-22,No
294,First294,Last294,c294@mail.com,M,NY,New York,2023-06-14,Yes
295,First295,Last295,c295@mail.com,M,CA,Los Angeles,2022-11-22,No
296,First296,Last296,c296@mail.com,M,NY,New York,2023-06-29,Yes
297,First297,Last297,c297@mail.com,M,TX,Dallas,2023-08-10,Yes
298,First298,Last298,c298@mail.com,M,NY,New York,2025-03-31,No
299,First299,Last299,c299@mail.com,F,WA,Seattle,2025-03-03,Yes
300,First300,Last300,c300@mail.com,M,TX,Dallas,2023-02-20,Yes
301,First301,Last301,c301@mail.com,F,WA,Seattle,2026-01-10,No
302,First302,Last302,c302@mail.com,F,TX,Dallas,2022-06-17,Yes
303,First303,Last303,c303@mail.com,M,CA,Los Angeles,2025-05-01,Yes
304,First304,Last304,c304@mail.com,F,CA,Los Angeles,2024-03-18,No
305,First305,Last305,c305@mail.com,F,TX,Dallas,2022-05-05,No
306,First306,Last306,c306@mail.com,M,WA,Seattle,2022-04-15,No
307,First307,Last307,c307@mail.com,M,TX,Dallas,2023-08-29,No
308,First308,Last308,c308@mail.com,M,NY,New York,2025-02-02,Yes
309,First309,Last309,c309@mail.com,F,NY,New York,2023-11-11,No
310,First310,Last310,c310@mail.com,M,WA,Seattle,2023-04-24,No
311,First311,Last311,c311@mail.com,M,NY,New York,2024-06-09,Yes
312,First312,Last312,c312@mail.com,F,TX,Dallas,2025-10-19,No
313,First313,Last313,c313@mail.com,M,CA,Los Angeles,2022-10-22,Yes
314,First314,Last314,c314@mail.com,M,TX,Dallas,2025-09-21,Yes
315,First315,Last315,c315@mail.com,M,WA,Seattle,2023-04-16,Yes
316,First316,Last316,c316@mail.com,M,FL,Miami,2025-04-02,No
317,First317,Last317,c317@mail.com,F,NY,New York,2026-02-24,No
318,First318,Last318,c318@mail.com,F,FL,Miami,2022-08-18,No
319,First319,Last319,c319@mail.com,F,FL,Miami,2022-08-25,Yes
320,First320,Last320,c320@mail.com,F,WA,Seattle,2025-06-04,No
321,First321,Last321,c321@mail.com,M,WA,Seattle,2023-07-25,Yes
322,First322,Last322,c322@mail.com,M,CA,Los Angeles,2022-10-17,Yes
323,First323,Last323,c323@mail.com,M,NY,New York,2024-05-02,No
324,First324,Last324,c324@mail.com,F,NY,New York,2023-06-14,Yes
325,First325,Last325,c325@mail.com,M,CA,Los Angeles,2025-12-30,Yes
326,First326,Last326,c326@mail.com,F,CA,Los Angeles,2025-06-19,No
327,First327,Last327,c327@mail.com,F,CA,Los Angeles,2022-09-13,Yes
328,First328,Last328,c328@mail.com,F,CA,Los Angeles,2026-03-16,No
329,First329,Last329,c329@mail.com,F,TX,Dallas,2022-02-01,No
330,First330,Last330,c330@mail.com,M,TX,Dallas,2023-07-19,No
331,First331,Last331,c331@mail.com,M,NY,New York,2023-08-19,No
332,First332,Last332,c332@mail.com,M,NY,New York,2025-04-23,Yes
333,First333,Last333,c333@mail.com,F,CA,Los Angeles,2025-10-17,Yes
334,First334,Last334,c334@mail.com,F,CA,Los Angeles,2023-10-09,No
335,First335,Last335,c335@mail.com,M,NY,New York,2023-08-27,No
336,First336,Last336,c336@mail.com,F,CA,Los Angeles,2024-01-02,Yes
337,First337,Last337,c337@mail.com,M,CA,Los Angeles,2024-01-26,Yes
338,First338,Last338,c338@mail.com,M,FL,Miami,2025-04-25,No
339,First339,Last339,c339@mail.com,F,WA,Seattle,2023-12-29,No
340,First340,Last340,c340@mail.com,M,NY,New York,2022-11-21,No
341,First341,Last341,c341@mail.com,F,TX,Dallas,2025-04-22,No
342,First342,Last342,c342@mail.com,M,TX,Dallas,2023-04-07,Yes
343,First343,Last343,c343@mail.com,F,WA,Seattle,2025-10-31,Yes
344,First344,Last344,c344@mail.com,M,NY,New York,2024-12-29,Yes
345,First345,Last345,c345@mail.com,M,CA,Los Angeles,2022-09-17,No
346,First346,Last346,c346@mail.com,M,CA,Los Angeles,2023-03-15,No
347,First347,Last347,c347@mail.com,M,FL,Miami,2022-11-06,Yes
348,First348,Last348,c348@mail.com,M,FL,Miami,2025-12-22,No
349,First349,Last349,c349@mail.com,F,WA,Seattle,2022-06-08,Yes
350,First350,Last350,c350@mail.com,M,WA,Seattle,2025-09-11,Yes
351,First351,Last351,c351@mail.com,F,WA,Seattle,2024-05-27,Yes
352,First352,Last352,c352@mail.com,M,FL,Miami,2024-06-19,Yes
353,First353,Last353,c353@mail.com,F,CA,Los Angeles,2024-02-25,Yes
354,First354,Last354,c354@mail.com,M,FL,Miami,2022-09-18,No
355,First355,Last355,c355@mail.com,F,TX,Dallas,2023-10-28,No
356,First356,Last356,c356@mail.com,M,WA,Seattle,2023-08-28,Yes
357,First357,Last357,c357@mail.com,F,CA,Los Angeles,2023-02-22,No
358,First358,Last358,c358@mail.com,F,TX,Dallas,2024-01-30,No
359,First359,Last359,c359@mail.com,F,TX,Dallas,2023-12-02,No
360,First360,Last360,c360@mail.com,M,TX,Dallas,2023-08-31,No
361,First361,Last361,c361@mail.com,M,WA,Seattle,2024-02-05,Yes
362,First362,Last362,c362@mail.com,F,WA,Seattle,2023-08-11,Yes
363,First363,Last363,c363@mail.com,F,WA,Seattle,2025-05-16,No
364,First364,Last364,c364@mail.com,M,TX,Dallas,2024-10-19,No
365,First365,Last365,c365@mail.com,M,WA,Seattle,2023-10-13,Yes
366,First366,Last366,c366@mail.com,F,FL,Miami,2024-11-29,Yes
367,First367,Last367,c367@mail.com,M,NY,New York,2024-08-28,No
368,First368,Last368,c368@mail.com,F,WA,Seattle,2022-02-28,No
369,First369,Last369,c369@mail.com,F,NY,New York,2024-02-23,No
370,First370,Last370,c370@mail.com,F,CA,Los Angeles,2023-07-31,Yes
371,First371,Last371,c371@mail.com,M,WA,Seattle,2023-12-21,No
372,First372,Last372,c372@mail.com,F,TX,Dallas,2022-08-10,Yes
373,First373,Last373,c373@mail.com,F,CA,Los Angeles,2022-05-24,No
374,First374,Last374,c374@mail.com,F,FL,Miami,2024-08-22,Yes
375,First375,Last375,c375@mail.com,M,TX,Dallas,2024-06-05,No
376,First376,Last376,c376@mail.com,M,WA,Seattle,2024-09-03,No
377,First377,Last377,c377@mail.com,F,FL,Miami,2024-06-10,Yes
378,First378,Last378,c378@mail.com,M,TX,Dallas,2023-06-04,No
379,First379,Last379,c379@mail.com,F,WA,Seattle,2022-12-30,No
380,First380,Last380,c380@mail.com,F,NY,New York,2023-06-25,No
381,First381,Last381,c381@mail.com,F,TX,Dallas,2026-05-05,No
382,First382,Last382,c382@mail.com,M,TX,Dallas,2024-02-18,No
383,First383,Last383,c383@mail.com,M,CA,Los Angeles,2023-01-06,Yes
384,First384,Last384,c384@mail.com,F,TX,Dallas,2025-07-08,No
385,First385,Last385,c385@mail.com,M,FL,Miami,2025-12-17,No
386,First386,Last386,c386@mail.com,F,NY,New York,2022-10-14,Yes
387,First387,Last387,c387@mail.com,F,CA,Los Angeles,2024-08-20,Yes
388,First388,Last388,c388@mail.com,M,WA,Seattle,2024-06-28,No
389,First389,Last389,c389@mail.com,M,NY,New York,2022-12-28,No
390,First390,Last390,c390@mail.com,M,WA,Seattle,2022-09-12,No
391,First391,Last391,c391@mail.com,F,CA,Los Angeles,2022-04-09,No
392,First392,Last392,c392@mail.com,F,FL,Miami,2024-02-11,No
393,First393,Last393,c393@mail.com,M,CA,Los Angeles,2023-09-23,Yes
394,First394,Last394,c394@mail.com,M,NY,New York,2025-01-07,Yes
395,First395,Last395,c395@mail.com,M,NY,New York,2023-11-14,No
396,First396,Last396,c396@mail.com,F,FL,Miami,2022-02-26,No
397,First397,Last397,c397@mail.com,M,TX,Dallas,2025-08-31,No
398,First398,Last398,c398@mail.com,M,WA,Seattle,2022-04-22,Yes
399,First399,Last399,c399@mail.com,F,CA,Los Angeles,2022-09-21,Yes
400,First400,Last400,c400@mail.com,F,NY,New York,2022-05-09,No
401,First401,Last401,c401@mail.com,M,NY,New York,2023-05-12,Yes
402,First402,Last402,c402@mail.com,F,NY,New York,2024-10-14,No
403,First403,Last403,c403@mail.com,F,WA,Seattle,2023-12-14,No
404,First404,Last404,c404@mail.com,M,FL,Miami,2025-06-10,No
405,First405,Last405,c405@mail.com,F,CA,Los Angeles,2022-05-10,No
406,First406,Last406,c406@mail.com,M,CA,Los Angeles,2026-05-20,Yes
407,First407,Last407,c407@mail.com,F,WA,Seattle,2023-03-21,No
408,First408,Last408,c408@mail.com,M,CA,Los Angeles,2022-12-05,No
409,First409,Last409,c409@mail.com,M,FL,Miami,2024-03-08,No
410,First410,Last410,c410@mail.com,F,WA,Seattle,2024-07-11,Yes
411,First411,Last411,c411@mail.com,F,WA,Seattle,2025-12-20,No
412,First412,Last412,c412@mail.com,F,FL,Miami,2024-10-06,No
413,First413,Last413,c413@mail.com,M,CA,Los Angeles,2026-05-05,Yes
414,First414,Last414,c414@mail.com,M,NY,New York,2023-05-06,Yes
415,First415,Last415,c415@mail.com,M,NY,New York,2023-03-07,No
416,First416,Last416,c416@mail.com,M,TX,Dallas,2024-03-07,Yes
417,First417,Last417,c417@mail.com,M,TX,Dallas,2023-01-03,Yes
418,First418,Last418,c418@mail.com,M,NY,New York,2025-01-11,Yes
419,First419,Last419,c419@mail.com,F,FL,Miami,2024-06-30,No
420,First420,Last420,c420@mail.com,M,FL,Miami,2025-03-01,Yes
421,First421,Last421,c421@mail.com,F,FL,Miami,2022-05-20,No
422,First422,Last422,c422@mail.com,F,WA,Seattle,2023-01-10,No
423,First423,Last423,c423@mail.com,M,WA,Seattle,2025-04-30,Yes
424,First424,Last424,c424@mail.com,F,FL,Miami,2024-12-31,Yes
425,First425,Last425,c425@mail.com,M,FL,Miami,2022-10-17,No
426,First426,Last426,c426@mail.com,M,WA,Seattle,2025-07-28,No
427,First427,Last427,c427@mail.com,M,CA,Los Angeles,2026-03-29,Yes
428,First428,Last428,c428@mail.com,M,WA,Seattle,2024-02-12,Yes
429,First429,Last429,c429@mail.com,F,CA,Los Angeles,2024-11-11,Yes
430,First430,Last430,c430@mail.com,M,CA,Los Angeles,2026-04-29,No
431,First431,Last431,c431@mail.com,M,NY,New York,2024-01-06,No
432,First432,Last432,c432@mail.com,F,TX,Dallas,2026-02-02,No
433,First433,Last433,c433@mail.com,M,FL,Miami,2024-06-17,No
434,First434,Last434,c434@mail.com,M,FL,Miami,2023-09-11,Yes
435,First435,Last435,c435@mail.com,M,NY,New York,2023-02-02,Yes
436,First436,Last436,c436@mail.com,M,CA,Los Angeles,2025-05-05,No
437,First437,Last437,c437@mail.com,M,FL,Miami,2022-05-02,Yes
438,First438,Last438,c438@mail.com,M,NY,New York,2024-05-14,No
439,First439,Last439,c439@mail.com,M,WA,Seattle,2023-08-04,No
440,First440,Last440,c440@mail.com,M,FL,Miami,2023-04-09,No
441,First441,Last441,c441@mail.com,M,CA,Los Angeles,2024-12-24,Yes
442,First442,Last442,c442@mail.com,F,NY,New York,2023-07-23,Yes
443,First443,Last443,c443@mail.com,F,CA,Los Angeles,2023-04-13,No
444,First444,Last444,c444@mail.com,M,NY,New York,2022-06-16,Yes
445,First445,Last445,c445@mail.com,F,NY,New York,2023-05-28,No
446,First446,Last446,c446@mail.com,M,FL,Miami,2022-12-25,No
447,First447,Last447,c447@mail.com,F,CA,Los Angeles,2022-04-03,Yes
448,First448,Last448,c448@mail.com,M,TX,Dallas,2023-09-24,No
449,First449,Last449,c449@mail.com,F,NY,New York,2024-05-21,Yes
450,First450,Last450,c450@mail.com,M,TX,Dallas,2022-11-03,No
451,First451,Last451,c451@mail.com,M,NY,New York,2025-11-19,Yes
452,First452,Last452,c452@mail.com,M,NY,New York,2025-05-31,No
453,First453,Last453,c453@mail.com,M,CA,Los Angeles,2024-10-12,No
454,First454,Last454,c454@mail.com,M,NY,New York,2026-01-06,No
455,First455,Last455,c455@mail.com,M,FL,Miami,2024-09-18,Yes
456,First456,Last456,c456@mail.com,M,NY,New York,2025-12-03,No
457,First457,Last457,c457@mail.com,F,CA,Los Angeles,2025-04-12,Yes
458,First458,Last458,c458@mail.com,F,FL,Miami,2025-04-26,Yes
459,First459,Last459,c459@mail.com,F,WA,Seattle,2025-08-20,No
460,First460,Last460,c460@mail.com,F,FL,Miami,2022-08-15,Yes
461,First461,Last461,c461@mail.com,M,NY,New York,2022-07-14,No
462,First462,Last462,c462@mail.com,M,FL,Miami,2025-01-11,No
463,First463,Last463,c463@mail.com,M,NY,New York,2024-10-11,No
464,First464,Last464,c464@mail.com,F,TX,Dallas,2026-05-11,Yes
465,First465,Last465,c465@mail.com,F,CA,Los Angeles,2022-12-18,Yes
466,First466,Last466,c466@mail.com,F,CA,Los Angeles,2024-06-05,Yes
467,First467,Last467,c467@mail.com,F,TX,Dallas,2023-09-12,No
468,First468,Last468,c468@mail.com,M,FL,Miami,2023-08-25,Yes
469,First469,Last469,c469@mail.com,M,FL,Miami,2023-10-14,No
470,First470,Last470,c470@mail.com,F,TX,Dallas,2023-08-31,Yes
471,First471,Last471,c471@mail.com,F,TX,Dallas,2022-08-05,Yes
472,First472,Last472,c472@mail.com,M,TX,Dallas,2023-05-25,No
473,First473,Last473,c473@mail.com,F,NY,New York,2025-04-09,Yes
474,First474,Last474,c474@mail.com,M,NY,New York,2023-06-07,No
475,First475,Last475,c475@mail.com,F,TX,Dallas,2023-11-03,Yes
476,First476,Last476,c476@mail.com,F,FL,Miami,2022-04-04,No
477,First477,Last477,c477@mail.com,F,CA,Los Angeles,2023-10-01,Yes
478,First478,Last478,c478@mail.com,F,TX,Dallas,2022-07-29,No
479,First479,Last479,c479@mail.com,F,WA,Seattle,2025-11-09,No
480,First480,Last480,c480@mail.com,M,CA,Los Angeles,2022-05-25,Yes
481,First481,Last481,c481@mail.com,F,TX,Dallas,2022-06-11,No
482,First482,Last482,c482@mail.com,F,FL,Miami,2025-01-23,Yes
483,First483,Last483,c483@mail.com,M,WA,Seattle,2022-02-10,No
484,First484,Last484,c484@mail.com,M,TX,Dallas,2025-10-01,No
485,First485,Last485,c485@mail.com,M,CA,Los Angeles,2023-06-24,No
486,First486,Last486,c486@mail.com,M,TX,Dallas,2024-07-04,Yes
487,First487,Last487,c487@mail.com,M,CA,Los Angeles,2022-12-16,Yes
488,First488,Last488,c488@mail.com,M,TX,Dallas,2022-11-05,No
489,First489,Last489,c489@mail.com,M,TX,Dallas,2025-10-30,Yes
490,First490,Last490,c490@mail.com,F,NY,New York,2025-07-10,Yes
491,First491,Last491,c491@mail.com,M,NY,New York,2026-02-05,No
492,First492,Last492,c492@mail.com,M,WA,Seattle,2025-10-15,Yes
493,First493,Last493,c493@mail.com,M,WA,Seattle,2024-09-25,Yes
494,First494,Last494,c494@mail.com,F,NY,New York,2025-09-16,No
495,First495,Last495,c495@mail.com,M,NY,New York,2024-01-25,No
496,First496,Last496,c496@mail.com,F,WA,Seattle,2024-03-13,No
497,First497,Last497,c497@mail.com,F,CA,Los Angeles,2024-04-11,No
498,First498,Last498,c498@mail.com,F,TX,Dallas,2024-02-22,No
499,First499,Last499,c499@mail.com,M,WA,Seattle,2026-03-24,Yes
500,First500,Last500,c500@mail.com,M,NY,New York,2025-01-28,Yes
501,First501,Last501,c501@mail.com,F,NY,New York,2024-05-26,No
502,First502,Last502,c502@mail.com,M,CA,Los Angeles,2024-04-03,No
503,First503,Last503,c503@mail.com,F,CA,Los Angeles,2022-02-01,Yes
504,First504,Last504,c504@mail.com,M,WA,Seattle,2022-05-05,Yes
505,First505,Last505,c505@mail.com,M,WA,Seattle,2024-07-17,No
506,First506,Last506,c506@mail.com,M,NY,New York,2024-01-15,No
507,First507,Last507,c507@mail.com,M,TX,Dallas,2025-06-08,No
508,First508,Last508,c508@mail.com,F,CA,Los Angeles,2026-01-21,No
509,First509,Last509,c509@mail.com,M,CA,Los Angeles,2025-05-23,No
510,First510,Last510,c510@mail.com,M,TX,Dallas,2023-09-19,No
511,First511,Last511,c511@mail.com,F,WA,Seattle,2025-11-28,No
512,First512,Last512,c512@mail.com,F,NY,New York,2023-04-17,Yes
513,First513,Last513,c513@mail.com,F,FL,Miami,2022-02-05,No
514,First514,Last514,c514@mail.com,F,TX,Dallas,2026-02-28,No
515,First515,Last515,c515@mail.com,M,FL,Miami,2024-01-20,No
516,First516,Last516,c516@mail.com,M,WA,Seattle,2022-09-08,Yes
517,First517,Last517,c517@mail.com,M,TX,Dallas,2025-06-09,Yes
518,First518,Last518,c518@mail.com,F,CA,Los Angeles,2025-10-04,Yes
519,First519,Last519,c519@mail.com,M,NY,New York,2026-04-27,No
520,First520,Last520,c520@mail.com,M,NY,New York,2024-02-24,Yes
521,First521,Last521,c521@mail.com,M,CA,Los Angeles,2023-05-13,Yes
522,First522,Last522,c522@mail.com,M,FL,Miami,2022-01-10,No
523,First523,Last523,c523@mail.com,F,CA,Los Angeles,2025-11-08,No
524,First524,Last524,c524@mail.com,M,NY,New York,2025-06-05,No
525,First525,Last525,c525@mail.com,F,TX,Dallas,2023-05-27,No
526,First526,Last526,c526@mail.com,M,NY,New York,2022-05-17,No
527,First527,Last527,c527@mail.com,M,NY,New York,2024-07-30,No
528,First528,Last528,c528@mail.com,M,WA,Seattle,2023-04-16,No
529,First529,Last529,c529@mail.com,F,WA,Seattle,2026-05-07,Yes
530,First530,Last530,c530@mail.com,M,NY,New York,2025-06-08,Yes
531,First531,Last531,c531@mail.com,M,FL,Miami,2024-07-16,No
532,First532,Last532,c532@mail.com,F,TX,Dallas,2025-07-18,Yes
533,First533,Last533,c533@mail.com,M,CA,Los Angeles,2024-08-04,No
534,First534,Last534,c534@mail.com,M,NY,New York,2022-04-26,Yes
535,First535,Last535,c535@mail.com,M,NY,New York,2024-05-15,No
536,First536,Last536,c536@mail.com,F,TX,Dallas,2025-09-10,Yes
537,First537,Last537,c537@mail.com,F,WA,Seattle,2025-02-26,No
538,First538,Last538,c538@mail.com,F,WA,Seattle,2023-09-15,No
539,First539,Last539,c539@mail.com,M,TX,Dallas,2022-04-01,Yes
540,First540,Last540,c540@mail.com,M,TX,Dallas,2022-04-18,Yes
541,First541,Last541,c541@mail.com,M,WA,Seattle,2025-02-07,Yes
542,First542,Last542,c542@mail.com,M,TX,Dallas,2025-10-11,No
543,First543,Last543,c543@mail.com,F,FL,Miami,2025-01-31,No
544,First544,Last544,c544@mail.com,M,FL,Miami,2023-09-02,No
545,First545,Last545,c545@mail.com,M,WA,Seattle,2026-01-15,No
546,First546,Last546,c546@mail.com,F,CA,Los Angeles,2024-03-07,No
547,First547,Last547,c547@mail.com,F,TX,Dallas,2026-02-05,No
548,First548,Last548,c548@mail.com,F,FL,Miami,2023-08-29,No
549,First549,Last549,c549@mail.com,M,FL,Miami,2022-09-09,No
550,First550,Last550,c550@mail.com,M,TX,Dallas,2025-01-05,No
551,First551,Last551,c551@mail.com,M,FL,Miami,2024-02-12,No
552,First552,Last552,c552@mail.com,F,NY,New York,2022-08-24,Yes
553,First553,Last553,c553@mail.com,M,CA,Los Angeles,2024-10-31,No
554,First554,Last554,c554@mail.com,F,WA,Seattle,2026-02-09,No
555,First555,Last555,c555@mail.com,M,WA,Seattle,2023-10-27,No
556,First556,Last556,c556@mail.com,F,CA,Los Angeles,2026-05-16,No
557,First557,Last557,c557@mail.com,M,CA,Los Angeles,2023-03-03,No
558,First558,Last558,c558@mail.com,M,FL,Miami,2023-10-04,No
559,First559,Last559,c559@mail.com,F,FL,Miami,2024-04-21,No
560,First560,Last560,c560@mail.com,F,NY,New York,2024-11-04,Yes
561,First561,Last561,c561@mail.com,M,CA,Los Angeles,2024-03-06,Yes
562,First562,Last562,c562@mail.com,F,CA,Los Angeles,2026-01-10,Yes
563,First563,Last563,c563@mail.com,M,TX,Dallas,2022-06-17,No
564,First564,Last564,c564@mail.com,F,CA,Los Angeles,2025-11-13,No
565,First565,Last565,c565@mail.com,F,CA,Los Angeles,2023-01-02,Yes
566,First566,Last566,c566@mail.com,M,WA,Seattle,2023-11-26,Yes
567,First567,Last567,c567@mail.com,F,FL,Miami,2022-05-31,Yes
568,First568,Last568,c568@mail.com,F,WA,Seattle,2022-03-13,No
569,First569,Last569,c569@mail.com,M,WA,Seattle,2023-11-01,No
570,First570,Last570,c570@mail.com,M,TX,Dallas,2022-06-25,No
571,First571,Last571,c571@mail.com,M,FL,Miami,2024-11-23,No
572,First572,Last572,c572@mail.com,M,WA,Seattle,2024-11-10,Yes
573,First573,Last573,c573@mail.com,F,WA,Seattle,2025-11-09,Yes
574,First574,Last574,c574@mail.com,M,CA,Los Angeles,2026-02-16,Yes
575,First575,Last575,c575@mail.com,M,TX,Dallas,2023-01-27,No
576,First576,Last576,c576@mail.com,M,CA,Los Angeles,2022-01-22,Yes
577,First577,Last577,c577@mail.com,M,WA,Seattle,2026-02-27,No
578,First578,Last578,c578@mail.com,M,NY,New York,2026-05-16,Yes
579,First579,Last579,c579@mail.com,F,FL,Miami,2024-08-03,Yes
580,First580,Last580,c580@mail.com,M,TX,Dallas,2023-07-22,No
581,First581,Last581,c581@mail.com,M,NY,New York,2022-12-28,Yes
582,First582,Last582,c582@mail.com,F,FL,Miami,2022-03-31,No
583,First583,Last583,c583@mail.com,M,NY,New York,2023-01-03,No
584,First584,Last584,c584@mail.com,M,FL,Miami,2023-02-10,No
585,First585,Last585,c585@mail.com,M,CA,Los Angeles,2022-10-31,No
586,First586,Last586,c586@mail.com,F,CA,Los Angeles,2023-02-06,Yes
587,First587,Last587,c587@mail.com,F,CA,Los Angeles,2025-10-14,Yes
588,First588,Last588,c588@mail.com,F,TX,Dallas,2024-05-09,Yes
589,First589,Last589,c589@mail.com,F,TX,Dallas,2022-10-28,Yes
590,First590,Last590,c590@mail.com,F,FL,Miami,2024-03-14,No
591,First591,Last591,c591@mail.com,F,NY,New York,2025-08-15,No
592,First592,Last592,c592@mail.com,F,WA,Seattle,2023-10-23,Yes
593,First593,Last593,c593@mail.com,F,TX,Dallas,2024-08-05,Yes
594,First594,Last594,c594@mail.com,M,TX,Dallas,2024-06-17,Yes
595,First595,Last595,c595@mail.com,F,WA,Seattle,2024-09-05,No
596,First596,Last596,c596@mail.com,F,NY,New York,2024-09-01,No
597,First597,Last597,c597@mail.com,M,NY,New York,2022-12-03,Yes
598,First598,Last598,c598@mail.com,M,TX,Dallas,2025-07-19,Yes
599,First599,Last599,c599@mail.com,M,WA,Seattle,2023-03-30,Yes
600,First600,Last600,c600@mail.com,M,NY,New York,2026-01-05,No
601,First601,Last601,c601@mail.com,F,FL,Miami,2023-03-13,No
602,First602,Last602,c602@mail.com,M,TX,Dallas,2023-10-05,No
603,First603,Last603,c603@mail.com,M,WA,Seattle,2022-12-27,No
604,First604,Last604,c604@mail.com,M,TX,Dallas,2026-04-19,No
605,First605,Last605,c605@mail.com,M,NY,New York,2022-12-26,Yes
606,First606,Last606,c606@mail.com,M,WA,Seattle,2024-08-11,Yes
607,First607,Last607,c607@mail.com,M,TX,Dallas,2024-04-30,Yes
608,First608,Last608,c608@mail.com,F,TX,Dallas,2025-11-28,No
609,First609,Last609,c609@mail.com,F,NY,New York,2023-02-18,No
610,First610,Last610,c610@mail.com,F,CA,Los Angeles,2024-09-06,No
611,First611,Last611,c611@mail.com,F,TX,Dallas,2025-12-05,No
612,First612,Last612,c612@mail.com,M,FL,Miami,2026-03-31,No
613,First613,Last613,c613@mail.com,M,WA,Seattle,2024-03-29,Yes
614,First614,Last614,c614@mail.com,M,CA,Los Angeles,2023-04-23,No
615,First615,Last615,c615@mail.com,M,FL,Miami,2024-06-28,No
616,First616,Last616,c616@mail.com,M,WA,Seattle,2024-11-14,Yes
617,First617,Last617,c617@mail.com,M,NY,New York,2026-01-07,Yes
618,First618,Last618,c618@mail.com,F,WA,Seattle,2026-03-12,Yes
619,First619,Last619,c619@mail.com,M,FL,Miami,2023-07-15,Yes
620,First620,Last620,c620@mail.com,M,FL,Miami,2022-08-25,No
621,First621,Last621,c621@mail.com,F,FL,Miami,2023-05-09,No
622,First622,Last622,c622@mail.com,F,TX,Dallas,2025-10-18,No
623,First623,Last623,c623@mail.com,M,TX,Dallas,2024-10-26,Yes
624,First624,Last624,c624@mail.com,M,CA,Los Angeles,2026-04-03,Yes
625,First625,Last625,c625@mail.com,M,TX,Dallas,2024-06-25,Yes
626,First626,Last626,c626@mail.com,M,CA,Los Angeles,2022-08-03,Yes
627,First627,Last627,c627@mail.com,F,FL,Miami,2025-01-10,No
628,First628,Last628,c628@mail.com,M,WA,Seattle,2025-05-23,Yes
629,First629,Last629,c629@mail.com,M,TX,Dallas,2024-07-23,No
630,First630,Last630,c630@mail.com,M,FL,Miami,2025-06-30,Yes
631,First631,Last631,c631@mail.com,F,CA,Los Angeles,2025-05-28,Yes
632,First632,Last632,c632@mail.com,M,FL,Miami,2023-08-04,No
633,First633,Last633,c633@mail.com,F,TX,Dallas,2025-07-21,No
634,First634,Last634,c634@mail.com,F,TX,Dallas,2022-07-27,No
635,First635,Last635,c635@mail.com,F,NY,New York,2024-09-09,No
636,First636,Last636,c636@mail.com,F,WA,Seattle,2022-12-04,Yes
637,First637,Last637,c637@mail.com,M,CA,Los Angeles,2022-01-09,Yes
638,First638,Last638,c638@mail.com,F,NY,New York,2023-08-03,Yes
639,First639,Last639,c639@mail.com,F,NY,New York,2022-08-03,No
640,First640,Last640,c640@mail.com,M,WA,Seattle,2026-04-12,No
641,First641,Last641,c641@mail.com,F,TX,Dallas,2024-02-23,No
642,First642,Last642,c642@mail.com,M,TX,Dallas,2025-03-10,Yes
643,First643,Last643,c643@mail.com,F,TX,Dallas,2025-09-24,No
644,First644,Last644,c644@mail.com,M,CA,Los Angeles,2024-09-20,No
645,First645,Last645,c645@mail.com,F,TX,Dallas,2024-01-27,No
646,First646,Last646,c646@mail.com,M,FL,Miami,2024-10-31,No
647,First647,Last647,c647@mail.com,F,TX,Dallas,2025-08-10,Yes
648,First648,Last648,c648@mail.com,F,WA,Seattle,2026-03-09,No
649,First649,Last649,c649@mail.com,F,TX,Dallas,2024-09-25,Yes
650,First650,Last650,c650@mail.com,M,TX,Dallas,2023-07-12,No
651,First651,Last651,c651@mail.com,F,WA,Seattle,2024-12-05,No
652,First652,Last652,c652@mail.com,F,CA,Los Angeles,2023-08-05,No
653,First653,Last653,c653@mail.com,F,TX,Dallas,2023-06-20,Yes
654,First654,Last654,c654@mail.com,F,NY,New York,2023-10-16,Yes
655,First655,Last655,c655@mail.com,F,NY,New York,2025-10-14,Yes
656,First656,Last656,c656@mail.com,M,CA,Los Angeles,2023-03-15,No
657,First657,Last657,c657@mail.com,M,NY,New York,2022-12-01,Yes
658,First658,Last658,c658@mail.com,M,CA,Los Angeles,2022-11-29,No
659,First659,Last659,c659@mail.com,M,WA,Seattle,2022-10-16,No
660,First660,Last660,c660@mail.com,M,FL,Miami,2022-04-09,No
661,First661,Last661,c661@mail.com,M,NY,New York,2022-06-28,No
662,First662,Last662,c662@mail.com,M,TX,Dallas,2024-12-25,No
663,First663,Last663,c663@mail.com,F,FL,Miami,2024-04-08,Yes
664,First664,Last664,c664@mail.com,F,CA,Los Angeles,2025-09-14,No
665,First665,Last665,c665@mail.com,M,FL,Miami,2024-11-25,No
666,First666,Last666,c666@mail.com,F,FL,Miami,2024-08-22,No
667,First667,Last667,c667@mail.com,F,WA,Seattle,2024-05-05,No
668,First668,Last668,c668@mail.com,M,TX,Dallas,2026-02-03,Yes
669,First669,Last669,c669@mail.com,F,CA,Los Angeles,2024-08-31,Yes
670,First670,Last670,c670@mail.com,F,FL,Miami,2024-04-18,No
671,First671,Last671,c671@mail.com,F,WA,Seattle,2024-04-08,Yes
672,First672,Last672,c672@mail.com,F,NY,New York,2024-05-15,No
673,First673,Last673,c673@mail.com,M,TX,Dallas,2022-07-23,No
674,First674,Last674,c674@mail.com,F,CA,Los Angeles,2025-11-04,Yes
675,First675,Last675,c675@mail.com,M,CA,Los Angeles,2025-05-20,Yes
676,First676,Last676,c676@mail.com,M,TX,Dallas,2025-03-04,No
677,First677,Last677,c677@mail.com,F,CA,Los Angeles,2024-11-28,No
678,First678,Last678,c678@mail.com,M,FL,Miami,2023-05-24,Yes
679,First679,Last679,c679@mail.com,F,TX,Dallas,2022-05-29,Yes
680,First680,Last680,c680@mail.com,F,CA,Los Angeles,2023-04-18,No
681,First681,Last681,c681@mail.com,F,NY,New York,2023-03-08,No
682,First682,Last682,c682@mail.com,M,WA,Seattle,2023-04-30,Yes
683,First683,Last683,c683@mail.com,F,FL,Miami,2023-01-26,No
684,First684,Last684,c684@mail.com,M,WA,Seattle,2024-01-19,Yes
685,First685,Last685,c685@mail.com,F,CA,Los Angeles,2024-08-16,Yes
686,First686,Last686,c686@mail.com,M,TX,Dallas,2022-12-29,Yes
687,First687,Last687,c687@mail.com,M,FL,Miami,2022-12-17,Yes
688,First688,Last688,c688@mail.com,M,WA,Seattle,2025-12-12,No
689,First689,Last689,c689@mail.com,F,FL,Miami,2022-07-14,No
690,First690,Last690,c690@mail.com,M,FL,Miami,2026-03-29,No
691,First691,Last691,c691@mail.com,F,NY,New York,2023-11-27,Yes
692,First692,Last692,c692@mail.com,M,TX,Dallas,2023-03-12,No
693,First693,Last693,c693@mail.com,M,FL,Miami,2023-02-17,No
694,First694,Last694,c694@mail.com,M,NY,New York,2025-08-12,No
695,First695,Last695,c695@mail.com,F,NY,New York,2026-01-12,Yes
696,First696,Last696,c696@mail.com,M,TX,Dallas,2023-05-23,Yes
697,First697,Last697,c697@mail.com,F,WA,Seattle,2026-03-25,Yes
698,First698,Last698,c698@mail.com,M,NY,New York,2022-04-22,Yes
699,First699,Last699,c699@mail.com,M,NY,New York,2022-07-16,No
700,First700,Last700,c700@mail.com,F,WA,Seattle,2022-11-25,No
701,First701,Last701,c701@mail.com,F,CA,Los Angeles,2023-07-24,No
702,First702,Last702,c702@mail.com,F,CA,Los Angeles,2022-05-12,No
703,First703,Last703,c703@mail.com,M,TX,Dallas,2022-04-16,Yes
704,First704,Last704,c704@mail.com,F,WA,Seattle,2024-08-14,Yes
705,First705,Last705,c705@mail.com,F,TX,Dallas,2026-02-01,No
706,First706,Last706,c706@mail.com,F,TX,Dallas,2022-05-09,Yes
707,First707,Last707,c707@mail.com,F,WA,Seattle,2025-05-31,Yes
708,First708,Last708,c708@mail.com,M,WA,Seattle,2022-05-17,Yes
709,First709,Last709,c709@mail.com,F,NY,New York,2023-12-21,Yes
710,First710,Last710,c710@mail.com,F,TX,Dallas,2022-10-12,No
711,First711,Last711,c711@mail.com,F,NY,New York,2022-10-05,Yes
712,First712,Last712,c712@mail.com,M,FL,Miami,2023-10-18,Yes
713,First713,Last713,c713@mail.com,F,TX,Dallas,2025-06-24,Yes
714,First714,Last714,c714@mail.com,F,TX,Dallas,2024-02-03,No
715,First715,Last715,c715@mail.com,M,FL,Miami,2024-03-02,Yes
716,First716,Last716,c716@mail.com,F,TX,Dallas,2023-03-09,No
717,First717,Last717,c717@mail.com,F,TX,Dallas,2026-01-02,No
718,First718,Last718,c718@mail.com,F,WA,Seattle,2025-03-21,Yes
719,First719,Last719,c719@mail.com,F,TX,Dallas,2023-01-10,Yes
720,First720,Last720,c720@mail.com,M,WA,Seattle,2024-05-29,No
721,First721,Last721,c721@mail.com,F,CA,Los Angeles,2024-05-20,No
722,First722,Last722,c722@mail.com,M,TX,Dallas,2022-12-31,Yes
723,First723,Last723,c723@mail.com,M,TX,Dallas,2023-10-04,Yes
724,First724,Last724,c724@mail.com,F,FL,Miami,2025-11-25,No
725,First725,Last725,c725@mail.com,F,NY,New York,2025-04-24,Yes
726,First726,Last726,c726@mail.com,M,TX,Dallas,2024-09-13,Yes
727,First727,Last727,c727@mail.com,M,CA,Los Angeles,2022-02-20,No
728,First728,Last728,c728@mail.com,M,NY,New York,2023-07-14,Yes
729,First729,Last729,c729@mail.com,M,FL,Miami,2022-08-27,Yes
730,First730,Last730,c730@mail.com,F,TX,Dallas,2025-09-15,No
731,First731,Last731,c731@mail.com,M,CA,Los Angeles,2026-02-23,No
732,First732,Last732,c732@mail.com,M,NY,New York,2022-03-16,No
733,First733,Last733,c733@mail.com,F,WA,Seattle,2024-06-06,No
734,First734,Last734,c734@mail.com,F,CA,Los Angeles,2026-05-06,No
735,First735,Last735,c735@mail.com,F,TX,Dallas,2023-06-22,No
736,First736,Last736,c736@mail.com,F,TX,Dallas,2025-10-15,No
737,First737,Last737,c737@mail.com,M,TX,Dallas,2024-08-30,No
738,First738,Last738,c738@mail.com,F,TX,Dallas,2023-01-18,No
739,First739,Last739,c739@mail.com,F,CA,Los Angeles,2025-03-13,No
740,First740,Last740,c740@mail.com,M,FL,Miami,2025-06-18,No
741,First741,Last741,c741@mail.com,F,NY,New York,2023-09-16,Yes
742,First742,Last742,c742@mail.com,F,FL,Miami,2023-06-02,Yes
743,First743,Last743,c743@mail.com,M,FL,Miami,2023-02-08,Yes
744,First744,Last744,c744@mail.com,M,WA,Seattle,2022-01-22,Yes
745,First745,Last745,c745@mail.com,F,FL,Miami,2025-09-05,No
746,First746,Last746,c746@mail.com,F,WA,Seattle,2024-11-18,Yes
747,First747,Last747,c747@mail.com,M,NY,New York,2023-08-11,Yes
748,First748,Last748,c748@mail.com,M,TX,Dallas,2022-11-23,No
749,First749,Last749,c749@mail.com,F,WA,Seattle,2024-02-10,No
750,First750,Last750,c750@mail.com,M,FL,Miami,2025-11-11,No
751,First751,Last751,c751@mail.com,M,NY,New York,2022-01-17,Yes
752,First752,Last752,c752@mail.com,M,NY,New York,2023-01-30,No
753,First753,Last753,c753@mail.com,M,NY,New York,2024-07-27,No
754,First754,Last754,c754@mail.com,F,NY,New York,2023-11-02,No
755,First755,Last755,c755@mail.com,M,FL,Miami,2023-03-10,No
756,First756,Last756,c756@mail.com,M,CA,Los Angeles,2025-06-05,Yes
757,First757,Last757,c757@mail.com,F,NY,New York,2024-07-13,Yes
758,First758,Last758,c758@mail.com,M,FL,Miami,2023-03-22,No
759,First759,Last759,c759@mail.com,F,NY,New York,2025-09-18,No
760,First760,Last760,c760@mail.com,F,FL,Miami,2023-05-02,Yes
761,First761,Last761,c761@mail.com,M,CA,Los Angeles,2025-10-17,Yes
762,First762,Last762,c762@mail.com,F,WA,Seattle,2022-07-10,No
763,First763,Last763,c763@mail.com,F,NY,New York,2023-06-02,No
764,First764,Last764,c764@mail.com,M,FL,Miami,2026-02-14,No
765,First765,Last765,c765@mail.com,F,FL,Miami,2025-12-18,No
766,First766,Last766,c766@mail.com,M,CA,Los Angeles,2025-04-16,No
767,First767,Last767,c767@mail.com,M,NY,New York,2023-06-05,No
768,First768,Last768,c768@mail.com,F,WA,Seattle,2026-04-17,No
769,First769,Last769,c769@mail.com,M,NY,New York,2023-11-15,Yes
770,First770,Last770,c770@mail.com,F,WA,Seattle,2024-05-19,No
771,First771,Last771,c771@mail.com,M,FL,Miami,2026-04-20,Yes
772,First772,Last772,c772@mail.com,F,TX,Dallas,2023-02-01,No
773,First773,Last773,c773@mail.com,M,TX,Dallas,2025-08-28,No
774,First774,Last774,c774@mail.com,F,TX,Dallas,2023-10-14,Yes
775,First775,Last775,c775@mail.com,F,FL,Miami,2025-01-22,Yes
776,First776,Last776,c776@mail.com,F,FL,Miami,2022-04-12,Yes
777,First777,Last777,c777@mail.com,F,CA,Los Angeles,2024-10-13,Yes
778,First778,Last778,c778@mail.com,F,WA,Seattle,2024-05-07,No
779,First779,Last779,c779@mail.com,M,NY,New York,2026-02-10,No
780,First780,Last780,c780@mail.com,M,WA,Seattle,2023-06-05,No
781,First781,Last781,c781@mail.com,M,WA,Seattle,2022-03-25,Yes
782,First782,Last782,c782@mail.com,M,WA,Seattle,2025-09-06,Yes
783,First783,Last783,c783@mail.com,M,WA,Seattle,2025-01-08,Yes
784,First784,Last784,c784@mail.com,M,CA,Los Angeles,2026-01-18,Yes
785,First785,Last785,c785@mail.com,M,TX,Dallas,2024-09-06,Yes
786,First786,Last786,c786@mail.com,M,NY,New York,2022-05-17,No
787,First787,Last787,c787@mail.com,M,CA,Los Angeles,2022-09-18,No
788,First788,Last788,c788@mail.com,F,FL,Miami,2024-01-24,No
789,First789,Last789,c789@mail.com,F,CA,Los Angeles,2024-08-05,Yes
790,First790,Last790,c790@mail.com,M,WA,Seattle,2025-01-17,No
791,First791,Last791,c791@mail.com,M,TX,Dallas,2024-11-30,No
792,First792,Last792,c792@mail.com,M,CA,Los Angeles,2022-03-23,Yes
793,First793,Last793,c793@mail.com,M,WA,Seattle,2023-08-15,Yes
794,First794,Last794,c794@mail.com,F,WA,Seattle,2025-11-11,Yes
795,First795,Last795,c795@mail.com,M,CA,Los Angeles,2026-03-19,No
796,First796,Last796,c796@mail.com,F,NY,New York,2024-06-28,No
797,First797,Last797,c797@mail.com,F,WA,Seattle,2023-10-04,Yes
798,First798,Last798,c798@mail.com,F,CA,Los Angeles,2025-03-04,Yes
799,First799,Last799,c799@mail.com,F,TX,Dallas,2022-08-24,Yes
800,First800,Last800,c800@mail.com,F,TX,Dallas,2023-01-04,No
801,First801,Last801,c801@mail.com,F,FL,Miami,2024-03-11,Yes
802,First802,Last802,c802@mail.com,F,NY,New York,2025-01-25,Yes
803,First803,Last803,c803@mail.com,M,NY,New York,2023-01-22,No
804,First804,Last804,c804@mail.com,F,WA,Seattle,2025-12-11,No
805,First805,Last805,c805@mail.com,M,CA,Los Angeles,2024-02-29,No
806,First806,Last806,c806@mail.com,F,FL,Miami,2022-05-04,Yes
807,First807,Last807,c807@mail.com,F,FL,Miami,2025-08-16,No
808,First808,Last808,c808@mail.com,M,FL,Miami,2024-08-11,Yes
809,First809,Last809,c809@mail.com,F,CA,Los Angeles,2022-10-25,No
810,First810,Last810,c810@mail.com,F,FL,Miami,2022-07-15,Yes
811,First811,Last811,c811@mail.com,F,FL,Miami,2022-03-06,Yes
812,First812,Last812,c812@mail.com,M,NY,New York,2022-07-24,No
813,First813,Last813,c813@mail.com,M,FL,Miami,2026-01-08,No
814,First814,Last814,c814@mail.com,F,CA,Los Angeles,2026-02-10,No
815,First815,Last815,c815@mail.com,F,CA,Los Angeles,2022-07-13,No
816,First816,Last816,c816@mail.com,M,TX,Dallas,2022-11-28,No
817,First817,Last817,c817@mail.com,M,TX,Dallas,2023-01-22,No
818,First818,Last818,c818@mail.com,M,CA,Los Angeles,2022-02-08,No
819,First819,Last819,c819@mail.com,M,FL,Miami,2022-11-27,Yes
820,First820,Last820,c820@mail.com,F,CA,Los Angeles,2025-03-02,Yes
821,First821,Last821,c821@mail.com,F,CA,Los Angeles,2022-01-05,No
822,First822,Last822,c822@mail.com,M,WA,Seattle,2025-04-23,Yes
823,First823,Last823,c823@mail.com,F,FL,Miami,2024-05-04,No
824,First824,Last824,c824@mail.com,M,WA,Seattle,2022-09-19,Yes
825,First825,Last825,c825@mail.com,F,NY,New York,2024-07-07,Yes
826,First826,Last826,c826@mail.com,F,NY,New York,2026-03-05,Yes
827,First827,Last827,c827@mail.com,F,CA,Los Angeles,2023-07-08,Yes
828,First828,Last828,c828@mail.com,F,NY,New York,2024-10-23,No
829,First829,Last829,c829@mail.com,M,WA,Seattle,2024-03-06,No
830,First830,Last830,c830@mail.com,M,CA,Los Angeles,2022-08-24,No
831,First831,Last831,c831@mail.com,F,FL,Miami,2022-05-25,Yes
832,First832,Last832,c832@mail.com,M,WA,Seattle,2025-04-16,No
833,First833,Last833,c833@mail.com,M,WA,Seattle,2024-10-22,Yes
834,First834,Last834,c834@mail.com,M,WA,Seattle,2024-10-10,No
835,First835,Last835,c835@mail.com,M,WA,Seattle,2023-10-10,No
836,First836,Last836,c836@mail.com,F,CA,Los Angeles,2025-05-13,Yes
837,First837,Last837,c837@mail.com,F,NY,New York,2023-10-10,No
838,First838,Last838,c838@mail.com,F,NY,New York,2026-01-04,Yes
839,First839,Last839,c839@mail.com,F,CA,Los Angeles,2022-03-31,Yes
840,First840,Last840,c840@mail.com,M,WA,Seattle,2025-06-12,Yes
841,First841,Last841,c841@mail.com,M,FL,Miami,2022-04-22,Yes
842,First842,Last842,c842@mail.com,M,CA,Los Angeles,2022-05-31,No
843,First843,Last843,c843@mail.com,F,FL,Miami,2023-01-27,Yes
844,First844,Last844,c844@mail.com,F,NY,New York,2025-10-10,Yes
845,First845,Last845,c845@mail.com,M,NY,New York,2025-07-12,Yes
846,First846,Last846,c846@mail.com,M,NY,New York,2023-08-27,No
847,First847,Last847,c847@mail.com,F,FL,Miami,2024-06-29,No
848,First848,Last848,c848@mail.com,F,WA,Seattle,2022-01-27,No
849,First849,Last849,c849@mail.com,F,TX,Dallas,2024-12-11,No
850,First850,Last850,c850@mail.com,F,WA,Seattle,2022-04-27,No
851,First851,Last851,c851@mail.com,M,NY,New York,2023-02-04,Yes
852,First852,Last852,c852@mail.com,F,FL,Miami,2022-03-31,No
853,First853,Last853,c853@mail.com,M,FL,Miami,2023-12-02,Yes
854,First854,Last854,c854@mail.com,M,WA,Seattle,2023-04-09,No
855,First855,Last855,c855@mail.com,M,NY,New York,2022-12-27,No
856,First856,Last856,c856@mail.com,F,CA,Los Angeles,2025-05-12,Yes
857,First857,Last857,c857@mail.com,M,CA,Los Angeles,2024-05-05,Yes
858,First858,Last858,c858@mail.com,M,CA,Los Angeles,2024-05-29,No
859,First859,Last859,c859@mail.com,M,CA,Los Angeles,2022-06-03,No
860,First860,Last860,c860@mail.com,M,CA,Los Angeles,2024-09-27,No
861,First861,Last861,c861@mail.com,M,CA,Los Angeles,2022-04-21,No
862,First862,Last862,c862@mail.com,M,WA,Seattle,2025-10-26,No
863,First863,Last863,c863@mail.com,F,NY,New York,2025-05-21,Yes
864,First864,Last864,c864@mail.com,M,WA,Seattle,2025-11-26,Yes
865,First865,Last865,c865@mail.com,F,CA,Los Angeles,2023-08-11,No
866,First866,Last866,c866@mail.com,F,FL,Miami,2024-12-05,Yes
867,First867,Last867,c867@mail.com,M,NY,New York,2022-09-23,No
868,First868,Last868,c868@mail.com,F,CA,Los Angeles,2023-05-28,Yes
869,First869,Last869,c869@mail.com,M,WA,Seattle,2023-03-28,No
870,First870,Last870,c870@mail.com,M,WA,Seattle,2023-07-21,No
871,First871,Last871,c871@mail.com,F,CA,Los Angeles,2024-07-22,No
872,First872,Last872,c872@mail.com,F,CA,Los Angeles,2025-05-23,Yes
873,First873,Last873,c873@mail.com,M,WA,Seattle,2025-01-26,Yes
874,First874,Last874,c874@mail.com,M,CA,Los Angeles,2025-07-18,No
875,First875,Last875,c875@mail.com,F,NY,New York,2025-09-23,Yes
876,First876,Last876,c876@mail.com,M,TX,Dallas,2025-05-11,No
877,First877,Last877,c877@mail.com,M,FL,Miami,2025-05-04,No
878,First878,Last878,c878@mail.com,F,CA,Los Angeles,2022-03-08,Yes
879,First879,Last879,c879@mail.com,M,TX,Dallas,2022-08-30,Yes
880,First880,Last880,c880@mail.com,F,WA,Seattle,2025-10-14,Yes
881,First881,Last881,c881@mail.com,F,CA,Los Angeles,2025-08-23,No
882,First882,Last882,c882@mail.com,M,NY,New York,2022-05-02,No
883,First883,Last883,c883@mail.com,F,FL,Miami,2024-05-16,No
884,First884,Last884,c884@mail.com,F,NY,New York,2026-01-30,Yes
885,First885,Last885,c885@mail.com,F,CA,Los Angeles,2023-11-19,No
886,First886,Last886,c886@mail.com,F,WA,Seattle,2023-10-27,Yes
887,First887,Last887,c887@mail.com,F,TX,Dallas,2024-04-09,Yes
888,First888,Last888,c888@mail.com,F,FL,Miami,2024-11-08,Yes
889,First889,Last889,c889@mail.com,M,NY,New York,2022-04-28,Yes
890,First890,Last890,c890@mail.com,F,CA,Los Angeles,2026-04-23,No
891,First891,Last891,c891@mail.com,M,TX,Dallas,2023-01-26,Yes
892,First892,Last892,c892@mail.com,M,NY,New York,2024-08-21,Yes
893,First893,Last893,c893@mail.com,M,CA,Los Angeles,2023-10-13,No
894,First894,Last894,c894@mail.com,M,NY,New York,2024-05-04,Yes
895,First895,Last895,c895@mail.com,M,TX,Dallas,2024-11-02,Yes
896,First896,Last896,c896@mail.com,M,CA,Los Angeles,2026-05-13,Yes
897,First897,Last897,c897@mail.com,F,CA,Los Angeles,2024-05-04,Yes
898,First898,Last898,c898@mail.com,M,WA,Seattle,2022-01-15,No
899,First899,Last899,c899@mail.com,F,TX,Dallas,2022-06-13,Yes
900,First900,Last900,c900@mail.com,M,NY,New York,2025-08-18,Yes
901,First901,Last901,c901@mail.com,F,NY,New York,2024-06-08,Yes
902,First902,Last902,c902@mail.com,M,TX,Dallas,2024-11-23,No
903,First903,Last903,c903@mail.com,F,CA,Los Angeles,2024-05-21,No
904,First904,Last904,c904@mail.com,F,WA,Seattle,2022-12-28,Yes
905,First905,Last905,c905@mail.com,F,WA,Seattle,2024-07-31,No
906,First906,Last906,c906@mail.com,F,TX,Dallas,2022-06-04,No
907,First907,Last907,c907@mail.com,M,TX,Dallas,2022-10-09,No
908,First908,Last908,c908@mail.com,F,CA,Los Angeles,2024-10-16,No
909,First909,Last909,c909@mail.com,M,TX,Dallas,2026-01-01,Yes
910,First910,Last910,c910@mail.com,M,WA,Seattle,2025-08-25,No
911,First911,Last911,c911@mail.com,M,FL,Miami,2022-10-22,No
912,First912,Last912,c912@mail.com,F,NY,New York,2023-01-24,No
913,First913,Last913,c913@mail.com,M,NY,New York,2022-09-03,Yes
914,First914,Last914,c914@mail.com,F,WA,Seattle,2023-11-30,Yes
915,First915,Last915,c915@mail.com,M,CA,Los Angeles,2024-07-10,No
916,First916,Last916,c916@mail.com,M,FL,Miami,2025-07-25,Yes
917,First917,Last917,c917@mail.com,F,TX,Dallas,2022-10-16,Yes
918,First918,Last918,c918@mail.com,M,FL,Miami,2025-04-27,Yes
919,First919,Last919,c919@mail.com,M,WA,Seattle,2023-11-22,Yes
920,First920,Last920,c920@mail.com,F,WA,Seattle,2025-12-21,Yes
921,First921,Last921,c921@mail.com,M,TX,Dallas,2025-04-11,Yes
922,First922,Last922,c922@mail.com,F,CA,Los Angeles,2025-11-01,Yes
923,First923,Last923,c923@mail.com,F,CA,Los Angeles,2023-04-12,No
924,First924,Last924,c924@mail.com,M,WA,Seattle,2026-05-18,No
925,First925,Last925,c925@mail.com,F,FL,Miami,2022-09-18,No
926,First926,Last926,c926@mail.com,F,WA,Seattle,2025-12-18,Yes
927,First927,Last927,c927@mail.com,F,WA,Seattle,2023-04-07,Yes
928,First928,Last928,c928@mail.com,F,CA,Los Angeles,2025-06-29,Yes
929,First929,Last929,c929@mail.com,M,NY,New York,2022-09-07,No
930,First930,Last930,c930@mail.com,M,WA,Seattle,2022-06-25,Yes
931,First931,Last931,c931@mail.com,F,WA,Seattle,2026-01-22,Yes
932,First932,Last932,c932@mail.com,M,WA,Seattle,2022-02-18,No
933,First933,Last933,c933@mail.com,M,WA,Seattle,2023-12-20,Yes
934,First934,Last934,c934@mail.com,M,CA,Los Angeles,2025-05-10,Yes
935,First935,Last935,c935@mail.com,F,NY,New York,2025-12-29,No
936,First936,Last936,c936@mail.com,F,CA,Los Angeles,2025-09-25,Yes
937,First937,Last937,c937@mail.com,F,FL,Miami,2022-09-10,Yes
938,First938,Last938,c938@mail.com,F,NY,New York,2022-11-22,Yes
939,First939,Last939,c939@mail.com,M,NY,New York,2022-08-28,Yes
940,First940,Last940,c940@mail.com,M,FL,Miami,2024-07-09,Yes
941,First941,Last941,c941@mail.com,M,FL,Miami,2024-07-28,Yes
942,First942,Last942,c942@mail.com,F,TX,Dallas,2024-03-30,Yes
943,First943,Last943,c943@mail.com,M,WA,Seattle,2024-12-03,No
944,First944,Last944,c944@mail.com,F,TX,Dallas,2025-03-18,Yes
945,First945,Last945,c945@mail.com,F,TX,Dallas,2025-05-02,Yes
946,First946,Last946,c946@mail.com,M,WA,Seattle,2024-01-22,Yes
947,First947,Last947,c947@mail.com,M,NY,New York,2024-05-08,No
948,First948,Last948,c948@mail.com,F,CA,Los Angeles,2023-01-29,No
949,First949,Last949,c949@mail.com,F,NY,New York,2023-03-18,Yes
950,First950,Last950,c950@mail.com,F,FL,Miami,2025-08-23,Yes
951,First951,Last951,c951@mail.com,M,FL,Miami,2025-12-06,No
952,First952,Last952,c952@mail.com,F,TX,Dallas,2025-08-20,No
953,First953,Last953,c953@mail.com,M,TX,Dallas,2022-04-14,No
954,First954,Last954,c954@mail.com,M,CA,Los Angeles,2022-12-30,Yes
955,First955,Last955,c955@mail.com,M,TX,Dallas,2022-02-24,Yes
956,First956,Last956,c956@mail.com,M,WA,Seattle,2023-09-11,Yes
957,First957,Last957,c957@mail.com,M,WA,Seattle,2025-08-17,Yes
958,First958,Last958,c958@mail.com,M,CA,Los Angeles,2023-03-17,No
959,First959,Last959,c959@mail.com,M,FL,Miami,2025-01-05,Yes
960,First960,Last960,c960@mail.com,F,NY,New York,2024-11-09,Yes
961,First961,Last961,c961@mail.com,M,NY,New York,2023-04-30,Yes
962,First962,Last962,c962@mail.com,F,NY,New York,2022-04-22,Yes
963,First963,Last963,c963@mail.com,M,CA,Los Angeles,2023-02-19,No
964,First964,Last964,c964@mail.com,F,WA,Seattle,2022-03-16,No
965,First965,Last965,c965@mail.com,M,NY,New York,2022-01-19,Yes
966,First966,Last966,c966@mail.com,M,NY,New York,2024-11-16,No
967,First967,Last967,c967@mail.com,F,WA,Seattle,2022-03-20,Yes
968,First968,Last968,c968@mail.com,M,WA,Seattle,2024-07-09,Yes
969,First969,Last969,c969@mail.com,F,WA,Seattle,2022-10-11,Yes
970,First970,Last970,c970@mail.com,F,WA,Seattle,2024-11-17,No
971,First971,Last971,c971@mail.com,F,NY,New York,2022-06-12,No
972,First972,Last972,c972@mail.com,M,TX,Dallas,2023-04-11,No
973,First973,Last973,c973@mail.com,M,TX,Dallas,2025-04-13,No
974,First974,Last974,c974@mail.com,F,NY,New York,2025-10-31,Yes
975,First975,Last975,c975@mail.com,M,WA,Seattle,2024-07-01,No
976,First976,Last976,c976@mail.com,F,WA,Seattle,2026-03-29,Yes
977,First977,Last977,c977@mail.com,F,CA,Los Angeles,2025-05-16,No
978,First978,Last978,c978@mail.com,M,NY,New York,2023-06-22,No
979,First979,Last979,c979@mail.com,M,CA,Los Angeles,2023-08-24,Yes
980,First980,Last980,c980@mail.com,M,CA,Los Angeles,2025-07-29,Yes
981,First981,Last981,c981@mail.com,F,CA,Los Angeles,2022-09-27,Yes
982,First982,Last982,c982@mail.com,M,CA,Los Angeles,2024-02-21,No
983,First983,Last983,c983@mail.com,F,NY,New York,2022-10-05,Yes
984,First984,Last984,c984@mail.com,F,NY,New York,2025-06-10,Yes
985,First985,Last985,c985@mail.com,F,TX,Dallas,2023-05-08,Yes
986,First986,Last986,c986@mail.com,M,WA,Seattle,2023-08-13,Yes
987,First987,Last987,c987@mail.com,M,CA,Los Angeles,2024-07-18,No
988,First988,Last988,c988@mail.com,M,FL,Miami,2023-09-01,Yes
989,First989,Last989,c989@mail.com,M,NY,New York,2023-09-01,No
990,First990,Last990,c990@mail.com,F,TX,Dallas,2025-11-02,No
991,First991,Last991,c991@mail.com,M,TX,Dallas,2024-07-08,No
992,First992,Last992,c992@mail.com,M,NY,New York,2023-10-29,No
993,First993,Last993,c993@mail.com,M,NY,New York,2023-04-27,No
994,First994,Last994,c994@mail.com,F,FL,Miami,2025-10-11,No
995,First995,Last995,c995@mail.com,M,WA,Seattle,2023-07-07,No
996,First996,Last996,c996@mail.com,M,WA,Seattle,2024-12-24,No
997,First997,Last997,c997@mail.com,M,FL,Miami,2024-10-29,Yes
998,First998,Last998,c998@mail.com,F,CA,Los Angeles,2022-02-10,Yes
999,First999,Last999,c999@mail.com,M,CA,Los Angeles,2022-10-16,Yes
1000,First1000,Last1000,c1000@mail.com,M,TX,Dallas,2026-01-21,No
