ProductID,ProductName,Category,SubCategory,Brand,Price,Cost,Stock
1,Sony Item 1,Sports,Outdoor,Samsung,524.99,341.24,391
2,Nike Item 2,Sports,Outdoor,Sony,102.99,66.94,357
3,Philips Item 3,Fashion,Clothing,Apple,889.99,578.49,174
4,Samsung Item 4,Fashion,Clothing,Philips,935.99,608.39,29
5,HP Item 5,Books,Fiction,Nike,1162.99,755.94,176
6,Apple Item 6,Books,Fiction,LG,98.99,64.34,214
7,Apple Item 7,Beauty,Hair,HP,814.99,529.74,18
8,Dell Item 8,Electronics,Accessories,Apple,586.99,381.54,485
9,Apple Item 9,Beauty,Hair,Samsung,896.99,583.04,162
10,Sony Item 10,Beauty,Hair,Philips,551.99,358.79,137
11,Sony Item 11,Beauty,Hair,Sony,1445.99,939.89,120
12,Apple Item 12,Sports,Fitness,Sony,403.99,262.59,267
13,Dell Item 13,Beauty,Hair,Logitech,241.99,157.29,96
14,Philips Item 14,Fashion,Shoes,Nike,1137.99,739.69,7
15,Dell Item 15,Sports,Outdoor,Philips,1374.99,893.74,96
16,HP Item 16,Beauty,Hair,Logitech,809.99,526.49,263
17,Philips Item 17,Sports,Fitness,Logitech,517.99,336.69,13
18,Logitech Item 18,Sports,Outdoor,Nike,825.99,536.89,418
19,Logitech Item 19,Home,Furniture,Samsung,1251.99,813.79,278
20,Sony Item 20,Home,Furniture,Sony,632.99,411.44,440
21,LG Item 21,Books,Fiction,Adidas,683.99,444.59,189
22,Dell Item 22,Sports,Outdoor,Nike,1226.99,797.54,394
23,HP Item 23,Sports,Fitness,Samsung,347.99,226.19,196
24,Adidas Item 24,Electronics,Laptops,Apple,371.99,241.79,85
25,Nike Item 25,Home,Furniture,Apple,109.99,71.49,178
26,Philips Item 26,Sports,Fitness,Nike,270.99,176.14,493
27,Adidas Item 27,Books,Business,Samsung,788.99,512.84,284
28,Dell Item 28,Home,Furniture,HP,176.99,115.04,263
29,Samsung Item 29,Beauty,Skin,Logitech,573.99,373.09,122
30,Dell Item 30,Fashion,Clothing,LG,307.99,200.19,385
31,Logitech Item 31,Home,Kitchen,HP,542.99,352.94,317
32,LG Item 32,Fashion,Shoes,Nike,471.99,306.79,175
33,Dell Item 33,Fashion,Clothing,Logitech,1048.99,681.84,137
34,Samsung Item 34,Sports,Fitness,Dell,67.99,44.19,457
35,Sony Item 35,Beauty,Skin,Philips,1193.99,776.09,10
36,Adidas Item 36,Sports,Fitness,Logitech,624.99,406.24,137
37,HP Item 37,Sports,Fitness,Sony,303.99,197.59,104
38,Samsung Item 38,Sports,Outdoor,Apple,385.99,250.89,177
39,HP Item 39,Books,Business,HP,1415.99,920.39,146
40,Apple Item 40,Sports,Fitness,Nike,506.99,329.54,491
41,Samsung Item 41,Electronics,Accessories,LG,549.99,357.49,483
42,Samsung Item 42,Books,Business,Sony,1420.99,923.64,148
43,Philips Item 43,Beauty,Skin,LG,423.99,275.59,35
44,Philips Item 44,Fashion,Clothing,Apple,586.99,381.54,260
45,Sony Item 45,Books,Fiction,Dell,896.99,583.04,471
46,Logitech Item 46,Beauty,Hair,Samsung,941.99,612.29,225
47,Logitech Item 47,Home,Kitchen,Nike,498.99,324.34,73
48,Samsung Item 48,Fashion,Shoes,Sony,1148.99,746.84,71
49,Nike Item 49,Beauty,Skin,Adidas,124.99,81.24,151
50,Sony Item 50,Home,Furniture,Dell,1364.99,887.24,204
51,Adidas Item 51,Sports,Fitness,Samsung,246.99,160.54,225
52,Apple Item 52,Books,Business,Samsung,449.99,292.49,395
53,Samsung Item 53,Electronics,Laptops,Logitech,766.99,498.54,458
54,Logitech Item 54,Books,Fiction,Apple,685.99,445.89,263
55,Nike Item 55,Sports,Fitness,LG,856.99,557.04,416
56,Apple Item 56,Beauty,Hair,Apple,425.99,276.89,165
57,Logitech Item 57,Beauty,Skin,Dell,461.99,300.29,263
58,Logitech Item 58,Sports,Outdoor,Adidas,1408.99,915.84,280
59,Apple Item 59,Home,Furniture,Logitech,254.99,165.74,471
60,LG Item 60,Fashion,Clothing,Philips,1245.99,809.89,489
61,LG Item 61,Beauty,Skin,HP,130.99,85.14,83
62,Logitech Item 62,Beauty,Skin,Apple,516.99,336.04,376
63,HP Item 63,Fashion,Clothing,Nike,1206.99,784.54,356
64,Philips Item 64,Fashion,Clothing,Sony,546.99,355.54,336
65,Adidas Item 65,Beauty,Skin,Adidas,72.99,47.44,104
66,Apple Item 66,Home,Furniture,Sony,276.99,180.04,411
67,Sony Item 67,Books,Fiction,Philips,879.99,571.99,494
68,Philips Item 68,Fashion,Clothing,Nike,230.99,150.14,118
69,HP Item 69,Electronics,Phones,Adidas,998.99,649.34,388
70,Apple Item 70,Fashion,Shoes,Dell,453.99,295.09,309
71,Philips Item 71,Home,Kitchen,Apple,1311.99,852.79,312
72,Adidas Item 72,Sports,Outdoor,Apple,436.99,284.04,489
73,Samsung Item 73,Books,Fiction,Philips,1030.99,670.14,440
74,Sony Item 74,Books,Fiction,Adidas,143.99,93.59,242
75,Philips Item 75,Fashion,Clothing,LG,927.99,603.19,69
76,LG Item 76,Sports,Outdoor,LG,1285.99,835.89,87
77,Nike Item 77,Electronics,Laptops,Dell,453.99,295.09,375
78,HP Item 78,Sports,Fitness,Logitech,1476.99,960.04,343
79,Sony Item 79,Books,Fiction,Logitech,1262.99,820.94,186
80,Samsung Item 80,Fashion,Clothing,HP,811.99,527.79,184
81,HP Item 81,Electronics,Laptops,Nike,1111.99,722.79,112
82,Adidas Item 82,Fashion,Shoes,Nike,807.99,525.19,463
83,Nike Item 83,Fashion,Clothing,Nike,549.99,357.49,243
84,Apple Item 84,Home,Kitchen,Apple,186.99,121.54,312
85,Nike Item 85,Books,Business,Sony,978.99,636.34,287
86,Philips Item 86,Electronics,Accessories,Dell,113.99,74.09,304
87,LG Item 87,Books,Fiction,Nike,1443.99,938.59,38
88,Adidas Item 88,Electronics,Laptops,Philips,322.99,209.94,492
89,Philips Item 89,Fashion,Shoes,Sony,794.99,516.74,372
90,Adidas Item 90,Beauty,Hair,Sony,825.99,536.89,4
91,Sony Item 91,Home,Kitchen,Logitech,1053.99,685.09,393
92,HP Item 92,Sports,Outdoor,Apple,1065.99,692.89,283
93,Dell Item 93,Books,Business,HP,498.99,324.34,240
94,Dell Item 94,Fashion,Clothing,Dell,827.99,538.19,180
95,Adidas Item 95,Sports,Outdoor,Nike,449.99,292.49,195
96,Sony Item 96,Books,Business,Logitech,545.99,354.89,213
97,Sony Item 97,Home,Furniture,HP,432.99,281.44,269
98,Logitech Item 98,Beauty,Hair,Sony,1194.99,776.74,263
99,LG Item 99,Books,Business,Nike,1421.99,924.29,299
100,LG Item 100,Fashion,Shoes,LG,291.99,189.79,287
101,Sony Item 101,Fashion,Clothing,LG,1394.99,906.74,371
102,LG Item 102,Fashion,Shoes,Adidas,1242.99,807.94,456
103,Logitech Item 103,Fashion,Clothing,Logitech,310.99,202.14,450
104,Philips Item 104,Beauty,Skin,Samsung,1343.99,873.59,391
105,Sony Item 105,Books,Business,Adidas,1499.99,974.99,210
106,Samsung Item 106,Fashion,Clothing,LG,151.99,98.79,278
107,Philips Item 107,Electronics,Laptops,HP,384.99,250.24,17
108,Nike Item 108,Beauty,Hair,Samsung,1184.99,770.24,177
109,LG Item 109,Home,Furniture,Philips,1104.99,718.24,133
110,Sony Item 110,Electronics,Accessories,Samsung,628.99,408.84,432
111,Logitech Item 111,Sports,Outdoor,LG,282.99,183.94,188
112,LG Item 112,Fashion,Clothing,Logitech,652.99,424.44,403
113,Dell Item 113,Electronics,Accessories,Nike,549.99,357.49,61
114,Samsung Item 114,Fashion,Shoes,Logitech,879.99,571.99,175
115,Logitech Item 115,Sports,Outdoor,LG,548.99,356.84,290
116,Dell Item 116,Sports,Fitness,Apple,1096.99,713.04,471
117,Apple Item 117,Beauty,Skin,Apple,957.99,622.69,6
118,Dell Item 118,Books,Fiction,Adidas,213.99,139.09,400
119,Philips Item 119,Beauty,Skin,HP,975.99,634.39,280
120,Samsung Item 120,Fashion,Shoes,HP,1301.99,846.29,384
121,Nike Item 121,Home,Kitchen,Adidas,318.99,207.34,205
122,Dell Item 122,Beauty,Skin,Apple,1350.99,878.14,99
123,Philips Item 123,Home,Kitchen,Samsung,271.99,176.79,9
124,HP Item 124,Electronics,Laptops,Philips,388.99,252.84,349
125,Samsung Item 125,Sports,Fitness,Samsung,1036.99,674.04,249
126,Dell Item 126,Books,Fiction,Logitech,1486.99,966.54,396
127,HP Item 127,Electronics,Accessories,Philips,1200.99,780.64,369
128,HP Item 128,Electronics,Phones,Philips,987.99,642.19,318
129,Nike Item 129,Books,Fiction,Apple,251.99,163.79,182
130,Apple Item 130,Electronics,Accessories,HP,1187.99,772.19,220
131,Logitech Item 131,Fashion,Clothing,Nike,371.99,241.79,240
132,Apple Item 132,Books,Business,Apple,728.99,473.84,171
133,Dell Item 133,Home,Kitchen,Nike,514.99,334.74,366
134,Dell Item 134,Fashion,Shoes,Logitech,290.99,189.14,260
135,Sony Item 135,Home,Furniture,Samsung,933.99,607.09,472
136,LG Item 136,Home,Furniture,Philips,182.99,118.94,329
137,Apple Item 137,Fashion,Clothing,Philips,1014.99,659.74,186
138,Logitech Item 138,Electronics,Laptops,Apple,1243.99,808.59,349
139,HP Item 139,Beauty,Hair,Samsung,1205.99,783.89,58
140,Samsung Item 140,Sports,Outdoor,Philips,1240.99,806.64,160
141,Philips Item 141,Sports,Outdoor,Logitech,1173.99,763.09,227
142,Apple Item 142,Books,Fiction,Logitech,614.99,399.74,415
143,HP Item 143,Electronics,Phones,Nike,553.99,360.09,211
144,Logitech Item 144,Home,Furniture,HP,260.99,169.64,291
145,Philips Item 145,Home,Kitchen,Sony,864.99,562.24,356
146,HP Item 146,Beauty,Hair,Philips,26.99,17.54,336
147,Philips Item 147,Beauty,Hair,Nike,22.99,14.94,122
148,LG Item 148,Electronics,Phones,Samsung,705.99,458.89,50
149,Dell Item 149,Beauty,Hair,Philips,1056.99,687.04,439
150,Adidas Item 150,Books,Fiction,Adidas,335.99,218.39,169
151,Sony Item 151,Books,Business,Philips,683.99,444.59,155
152,Dell Item 152,Electronics,Laptops,Sony,47.99,31.19,89
153,Nike Item 153,Sports,Outdoor,Apple,850.99,553.14,17
154,LG Item 154,Beauty,Skin,Samsung,156.99,102.04,215
155,Nike Item 155,Electronics,Accessories,Adidas,635.99,413.39,132
156,Samsung Item 156,Electronics,Phones,HP,1366.99,888.54,97
157,Dell Item 157,Books,Business,Philips,33.99,22.09,448
158,Logitech Item 158,Fashion,Clothing,Nike,1369.99,890.49,163
159,Nike Item 159,Fashion,Clothing,Logitech,229.99,149.49,63
160,Sony Item 160,Home,Furniture,Dell,1272.99,827.44,276
161,Philips Item 161,Electronics,Phones,Nike,1385.99,900.89,254
162,Dell Item 162,Electronics,Accessories,Sony,259.99,168.99,392
163,LG Item 163,Electronics,Accessories,Apple,911.99,592.79,473
164,Sony Item 164,Beauty,Skin,Philips,135.99,88.39,113
165,Sony Item 165,Fashion,Shoes,Apple,1057.99,687.69,289
166,Adidas Item 166,Sports,Outdoor,Philips,247.99,161.19,440
167,Nike Item 167,Fashion,Clothing,Logitech,715.99,465.39,233
168,Nike Item 168,Fashion,Shoes,Logitech,387.99,252.19,496
169,Dell Item 169,Home,Kitchen,HP,755.99,491.39,252
170,Dell Item 170,Books,Business,Apple,865.99,562.89,112
171,Samsung Item 171,Beauty,Skin,HP,399.99,259.99,34
172,Apple Item 172,Fashion,Clothing,Logitech,1080.99,702.64,173
173,HP Item 173,Electronics,Accessories,Sony,682.99,443.94,469
174,Adidas Item 174,Beauty,Skin,HP,688.99,447.84,0
175,HP Item 175,Fashion,Shoes,Sony,667.99,434.19,189
176,Nike Item 176,Beauty,Hair,Dell,1323.99,860.59,254
177,Apple Item 177,Home,Furniture,Samsung,1234.99,802.74,277
178,Nike Item 178,Fashion,Clothing,Apple,1071.99,696.79,286
179,Sony Item 179,Books,Business,Samsung,251.99,163.79,344
180,Nike Item 180,Fashion,Clothing,LG,656.99,427.04,57
181,Dell Item 181,Home,Kitchen,HP,332.99,216.44,423
182,HP Item 182,Sports,Fitness,Dell,766.99,498.54,445
183,Nike Item 183,Electronics,Accessories,Samsung,56.99,37.04,361
184,LG Item 184,Sports,Outdoor,HP,446.99,290.54,51
185,Sony Item 185,Electronics,Accessories,Nike,252.99,164.44,40
186,Philips Item 186,Beauty,Hair,HP,937.99,609.69,351
187,LG Item 187,Home,Furniture,Samsung,1184.99,770.24,385
188,Samsung Item 188,Books,Fiction,Sony,1278.99,831.34,129
189,Logitech Item 189,Fashion,Shoes,Samsung,612.99,398.44,359
190,Sony Item 190,Sports,Outdoor,HP,1002.99,651.94,331
191,HP Item 191,Fashion,Clothing,HP,676.99,440.04,284
192,Philips Item 192,Fashion,Clothing,Dell,192.99,125.44,187
193,Philips Item 193,Books,Business,Sony,973.99,633.09,346
194,Nike Item 194,Beauty,Hair,Nike,1138.99,740.34,101
195,LG Item 195,Home,Kitchen,Logitech,420.99,273.64,370
196,Logitech Item 196,Beauty,Skin,Apple,347.99,226.19,386
197,Sony Item 197,Electronics,Accessories,Apple,659.99,428.99,230
198,Dell Item 198,Books,Business,HP,1083.99,704.59,341
199,Dell Item 199,Books,Business,HP,882.99,573.94,200
200,LG Item 200,Fashion,Shoes,Adidas,330.99,215.14,344
201,Logitech Item 201,Books,Business,LG,501.99,326.29,196
202,Nike Item 202,Home,Furniture,HP,721.99,469.29,235
203,Samsung Item 203,Books,Fiction,Adidas,992.99,645.44,54
204,Dell Item 204,Books,Fiction,Logitech,1355.99,881.39,383
205,Samsung Item 205,Electronics,Laptops,Sony,727.99,473.19,334
206,Philips Item 206,Sports,Outdoor,Sony,1275.99,829.39,236
207,Philips Item 207,Beauty,Skin,Philips,1123.99,730.59,29
208,Nike Item 208,Beauty,Hair,Sony,1001.99,651.29,35
209,Adidas Item 209,Fashion,Shoes,Logitech,565.99,367.89,338
210,Logitech Item 210,Sports,Outdoor,LG,919.99,597.99,69
211,Dell Item 211,Home,Furniture,Adidas,440.99,286.64,378
212,Adidas Item 212,Sports,Outdoor,LG,893.99,581.09,84
213,Nike Item 213,Home,Kitchen,Philips,700.99,455.64,397
214,Samsung Item 214,Electronics,Accessories,LG,423.99,275.59,101
215,HP Item 215,Fashion,Shoes,LG,686.99,446.54,84
216,LG Item 216,Fashion,Shoes,Dell,979.99,636.99,42
217,Sony Item 217,Home,Furniture,LG,1491.99,969.79,398
218,Logitech Item 218,Beauty,Hair,HP,790.99,514.14,125
219,HP Item 219,Home,Furniture,Samsung,737.99,479.69,96
220,Nike Item 220,Books,Business,LG,620.99,403.64,465
221,LG Item 221,Sports,Outdoor,LG,1084.99,705.24,341
222,Sony Item 222,Fashion,Clothing,Nike,1259.99,818.99,406
223,Logitech Item 223,Fashion,Shoes,Apple,526.99,342.54,343
224,LG Item 224,Books,Fiction,Apple,462.99,300.94,431
225,HP Item 225,Home,Kitchen,Nike,861.99,560.29,421
226,HP Item 226,Sports,Fitness,Samsung,278.99,181.34,136
227,Apple Item 227,Sports,Outdoor,Philips,1337.99,869.69,464
228,Samsung Item 228,Books,Fiction,Sony,836.99,544.04,77
229,Dell Item 229,Home,Kitchen,Sony,611.99,397.79,275
230,Adidas Item 230,Books,Business,LG,875.99,569.39,36
231,Apple Item 231,Books,Business,Apple,121.99,79.29,263
232,Nike Item 232,Books,Fiction,Logitech,1001.99,651.29,477
233,Nike Item 233,Books,Fiction,Adidas,133.99,87.09,65
234,Dell Item 234,Beauty,Hair,Apple,405.99,263.89,421
235,Samsung Item 235,Home,Furniture,Dell,1232.99,801.44,127
236,HP Item 236,Books,Business,Nike,1306.99,849.54,64
237,Philips Item 237,Books,Business,Samsung,1263.99,821.59,120
238,Apple Item 238,Beauty,Skin,Adidas,280.99,182.64,50
239,LG Item 239,Home,Kitchen,Apple,133.99,87.09,402
240,Logitech Item 240,Fashion,Clothing,Dell,1188.99,772.84,282
241,Dell Item 241,Home,Furniture,Samsung,753.99,490.09,135
242,Dell Item 242,Beauty,Hair,Philips,1500.99,975.64,284
243,Philips Item 243,Electronics,Laptops,Nike,1487.99,967.19,366
244,Sony Item 244,Electronics,Accessories,Dell,42.99,27.94,288
245,Dell Item 245,Home,Furniture,Samsung,1338.99,870.34,283
246,Apple Item 246,Fashion,Shoes,Apple,1215.99,790.39,156
247,Apple Item 247,Sports,Fitness,HP,1255.99,816.39,270
248,Philips Item 248,Sports,Fitness,Philips,804.99,523.24,479
249,Sony Item 249,Electronics,Accessories,Logitech,462.99,300.94,251
250,Logitech Item 250,Beauty,Hair,Apple,314.99,204.74,106
251,Nike Item 251,Fashion,Shoes,Apple,134.99,87.74,289
252,Nike Item 252,Fashion,Clothing,Sony,896.99,583.04,233
253,HP Item 253,Fashion,Shoes,Apple,978.99,636.34,74
254,LG Item 254,Books,Fiction,Philips,621.99,404.29,383
255,LG Item 255,Fashion,Clothing,HP,677.99,440.69,55
256,Sony Item 256,Fashion,Clothing,Logitech,395.99,257.39,393
257,HP Item 257,Beauty,Hair,Samsung,1143.99,743.59,189
258,Logitech Item 258,Fashion,Clothing,HP,277.99,180.69,167
259,Logitech Item 259,Fashion,Clothing,Apple,491.99,319.79,234
260,Apple Item 260,Electronics,Accessories,Nike,301.99,196.29,9
261,Adidas Item 261,Electronics,Laptops,LG,718.99,467.34,384
262,HP Item 262,Sports,Outdoor,Logitech,140.99,91.64,32
263,Nike Item 263,Beauty,Hair,Adidas,787.99,512.19,229
264,Samsung Item 264,Electronics,Phones,HP,1444.99,939.24,302
265,Logitech Item 265,Sports,Fitness,Samsung,454.99,295.74,484
266,LG Item 266,Beauty,Hair,LG,232.99,151.44,418
267,Sony Item 267,Electronics,Accessories,LG,1201.99,781.29,466
268,HP Item 268,Beauty,Hair,Philips,1229.99,799.49,214
269,LG Item 269,Electronics,Accessories,Samsung,794.99,516.74,126
270,LG Item 270,Fashion,Shoes,Sony,213.99,139.09,201
271,Dell Item 271,Books,Fiction,HP,242.99,157.94,368
272,HP Item 272,Books,Fiction,Dell,425.99,276.89,68
273,HP Item 273,Beauty,Hair,Nike,1167.99,759.19,114
274,LG Item 274,Electronics,Accessories,Adidas,729.99,474.49,143
275,Nike Item 275,Home,Kitchen,Adidas,329.99,214.49,76
276,Nike Item 276,Beauty,Skin,Dell,293.99,191.09,408
277,Logitech Item 277,Home,Kitchen,Sony,422.99,274.94,225
278,HP Item 278,Books,Business,LG,714.99,464.74,282
279,Sony Item 279,Home,Kitchen,Samsung,814.99,529.74,177
280,Dell Item 280,Fashion,Clothing,Adidas,1103.99,717.59,374
281,Dell Item 281,Beauty,Skin,Adidas,1147.99,746.19,392
282,Adidas Item 282,Home,Kitchen,LG,427.99,278.19,220
283,Logitech Item 283,Beauty,Hair,Apple,63.99,41.59,139
284,Apple Item 284,Electronics,Laptops,Logitech,1112.99,723.44,248
285,LG Item 285,Fashion,Clothing,Philips,936.99,609.04,346
286,Philips Item 286,Fashion,Clothing,Samsung,365.99,237.89,335
287,Dell Item 287,Home,Furniture,HP,549.99,357.49,426
288,Logitech Item 288,Beauty,Skin,Sony,1187.99,772.19,124
289,Apple Item 289,Home,Furniture,Logitech,1112.99,723.44,467
290,Dell Item 290,Beauty,Hair,Samsung,963.99,626.59,366
291,Philips Item 291,Books,Business,Nike,1046.99,680.54,469
292,Adidas Item 292,Fashion,Shoes,HP,907.99,590.19,439
293,Logitech Item 293,Electronics,Phones,LG,1158.99,753.34,400
294,Nike Item 294,Sports,Outdoor,Nike,184.99,120.24,411
295,Sony Item 295,Sports,Outdoor,Adidas,1309.99,851.49,483
296,Adidas Item 296,Home,Kitchen,LG,52.99,34.44,421
297,Logitech Item 297,Beauty,Hair,Dell,1086.99,706.54,238
298,Samsung Item 298,Beauty,Hair,HP,1045.99,679.89,309
299,Adidas Item 299,Books,Fiction,HP,71.99,46.79,395
300,Apple Item 300,Books,Fiction,Sony,991.99,644.79,452
301,Logitech Item 301,Sports,Outdoor,Philips,517.99,336.69,193
302,Dell Item 302,Sports,Fitness,Samsung,1319.99,857.99,306
303,Nike Item 303,Home,Kitchen,Apple,230.99,150.14,312
304,Dell Item 304,Sports,Fitness,Adidas,119.99,77.99,95
305,Samsung Item 305,Sports,Outdoor,LG,1235.99,803.39,135
306,Logitech Item 306,Books,Fiction,LG,842.99,547.94,158
307,Philips Item 307,Books,Business,Apple,1360.99,884.64,126
308,Apple Item 308,Home,Furniture,Philips,1135.99,738.39,460
309,LG Item 309,Books,Business,Adidas,103.99,67.59,408
310,HP Item 310,Beauty,Skin,Philips,1363.99,886.59,13
311,Adidas Item 311,Sports,Fitness,Philips,1079.99,701.99,199
312,Adidas Item 312,Electronics,Laptops,Adidas,522.99,339.94,108
313,Dell Item 313,Sports,Outdoor,Logitech,1158.99,753.34,0
314,Logitech Item 314,Beauty,Hair,Nike,159.99,103.99,130
315,HP Item 315,Sports,Outdoor,HP,852.99,554.44,461
316,Philips Item 316,Books,Business,Apple,1218.99,792.34,342
317,Logitech Item 317,Beauty,Hair,Philips,1482.99,963.94,81
318,Sony Item 318,Fashion,Clothing,LG,300.99,195.64,10
319,Dell Item 319,Sports,Fitness,Apple,336.99,219.04,79
320,LG Item 320,Sports,Outdoor,Dell,1027.99,668.19,437
321,Nike Item 321,Fashion,Shoes,Adidas,679.99,441.99,35
322,Philips Item 322,Sports,Fitness,Philips,291.99,189.79,139
323,Dell Item 323,Fashion,Shoes,Logitech,599.99,389.99,445
324,LG Item 324,Sports,Fitness,Dell,135.99,88.39,419
325,Dell Item 325,Sports,Outdoor,Nike,527.99,343.19,393
326,Sony Item 326,Beauty,Hair,HP,879.99,571.99,398
327,Nike Item 327,Fashion,Clothing,Sony,975.99,634.39,293
328,LG Item 328,Home,Kitchen,HP,197.99,128.69,100
329,Dell Item 329,Fashion,Clothing,Dell,464.99,302.24,182
330,Sony Item 330,Beauty,Hair,Dell,791.99,514.79,412
331,Philips Item 331,Sports,Outdoor,Adidas,1061.99,690.29,251
332,Philips Item 332,Fashion,Clothing,Philips,1276.99,830.04,166
333,HP Item 333,Home,Kitchen,Dell,1238.99,805.34,256
334,LG Item 334,Beauty,Skin,HP,597.99,388.69,478
335,Samsung Item 335,Beauty,Hair,LG,758.99,493.34,239
336,Samsung Item 336,Sports,Fitness,Dell,743.99,483.59,76
337,Apple Item 337,Fashion,Shoes,HP,1160.99,754.64,197
338,Dell Item 338,Beauty,Hair,Dell,674.99,438.74,241
339,LG Item 339,Sports,Fitness,LG,200.99,130.64,346
340,Philips Item 340,Sports,Outdoor,Nike,1235.99,803.39,65
341,HP Item 341,Fashion,Shoes,LG,558.99,363.34,201
342,Apple Item 342,Home,Kitchen,LG,1071.99,696.79,19
343,LG Item 343,Sports,Outdoor,Philips,758.99,493.34,73
344,Logitech Item 344,Sports,Outdoor,Dell,791.99,514.79,362
345,Logitech Item 345,Beauty,Skin,Apple,1180.99,767.64,62
346,HP Item 346,Home,Furniture,Dell,406.99,264.54,412
347,Samsung Item 347,Books,Fiction,Nike,89.99,58.49,168
348,Samsung Item 348,Beauty,Skin,Philips,586.99,381.54,51
349,Nike Item 349,Electronics,Phones,LG,29.99,19.49,4
350,Adidas Item 350,Sports,Outdoor,LG,1204.99,783.24,329
351,Adidas Item 351,Home,Furniture,Sony,321.99,209.29,463
352,Apple Item 352,Sports,Outdoor,Sony,1453.99,945.09,74
353,Adidas Item 353,Fashion,Shoes,Adidas,155.99,101.39,496
354,Apple Item 354,Electronics,Accessories,Dell,946.99,615.54,263
355,Philips Item 355,Electronics,Accessories,LG,45.99,29.89,202
356,Nike Item 356,Fashion,Shoes,HP,328.99,213.84,493
357,HP Item 357,Home,Furniture,Philips,481.99,313.29,185
358,HP Item 358,Sports,Fitness,Logitech,94.99,61.74,263
359,LG Item 359,Fashion,Shoes,LG,147.99,96.19,181
360,Nike Item 360,Electronics,Accessories,Dell,407.99,265.19,361
361,Samsung Item 361,Sports,Fitness,Adidas,531.99,345.79,24
362,Nike Item 362,Books,Fiction,Philips,285.99,185.89,97
363,Sony Item 363,Fashion,Clothing,HP,1073.99,698.09,373
364,HP Item 364,Home,Furniture,Sony,968.99,629.84,427
365,Sony Item 365,Sports,Outdoor,Adidas,1002.99,651.94,99
366,Adidas Item 366,Beauty,Hair,Dell,1373.99,893.09,219
367,Sony Item 367,Beauty,Skin,Dell,419.99,272.99,402
368,Samsung Item 368,Fashion,Clothing,LG,1159.99,753.99,374
369,Nike Item 369,Electronics,Laptops,Adidas,1321.99,859.29,391
370,Philips Item 370,Sports,Fitness,Dell,1201.99,781.29,412
371,HP Item 371,Books,Business,Nike,105.99,68.89,439
372,Sony Item 372,Beauty,Skin,Sony,364.99,237.24,215
373,LG Item 373,Books,Fiction,Logitech,1329.99,864.49,477
374,Sony Item 374,Books,Business,Logitech,1025.99,666.89,85
375,Nike Item 375,Home,Kitchen,Samsung,541.99,352.29,142
376,Dell Item 376,Beauty,Skin,Logitech,121.99,79.29,297
377,Samsung Item 377,Home,Furniture,Logitech,808.99,525.84,348
378,Samsung Item 378,Fashion,Clothing,Nike,1307.99,850.19,119
379,LG Item 379,Home,Furniture,Philips,571.99,371.79,327
380,Samsung Item 380,Beauty,Hair,Sony,1349.99,877.49,188
381,Sony Item 381,Sports,Outdoor,Adidas,1077.99,700.69,472
382,Dell Item 382,Sports,Outdoor,Sony,88.99,57.84,456
383,Adidas Item 383,Sports,Fitness,Nike,888.99,577.84,292
384,Logitech Item 384,Sports,Fitness,Sony,898.99,584.34,150
385,HP Item 385,Electronics,Accessories,Dell,1224.99,796.24,281
386,Samsung Item 386,Books,Fiction,Adidas,300.99,195.64,86
387,Sony Item 387,Fashion,Shoes,Logitech,947.99,616.19,143
388,Logitech Item 388,Sports,Outdoor,Samsung,1182.99,768.94,386
389,Adidas Item 389,Home,Furniture,Samsung,1452.99,944.44,413
390,Apple Item 390,Sports,Outdoor,Philips,33.99,22.09,182
391,Sony Item 391,Home,Kitchen,LG,1383.99,899.59,344
392,Dell Item 392,Fashion,Shoes,Apple,691.99,449.79,12
393,Logitech Item 393,Home,Furniture,Sony,363.99,236.59,177
394,Nike Item 394,Fashion,Shoes,Nike,198.99,129.34,239
395,LG Item 395,Electronics,Phones,Philips,1497.99,973.69,356
396,LG Item 396,Fashion,Shoes,Sony,777.99,505.69,487
397,Philips Item 397,Beauty,Skin,Dell,635.99,413.39,329
398,HP Item 398,Electronics,Phones,Sony,512.99,333.44,303
399,Philips Item 399,Books,Fiction,Dell,94.99,61.74,343
400,Adidas Item 400,Beauty,Skin,Samsung,1305.99,848.89,115
401,Dell Item 401,Beauty,Hair,Philips,487.99,317.19,234
402,Nike Item 402,Fashion,Clothing,Philips,723.99,470.59,308
403,Apple Item 403,Beauty,Hair,LG,760.99,494.64,316
404,Philips Item 404,Books,Business,Sony,1238.99,805.34,161
405,Philips Item 405,Sports,Fitness,Nike,33.99,22.09,490
406,Philips Item 406,Books,Business,Samsung,1125.99,731.89,148
407,Sony Item 407,Electronics,Laptops,Dell,160.99,104.64,198
408,Sony Item 408,Home,Kitchen,Sony,474.99,308.74,416
409,Sony Item 409,Electronics,Accessories,HP,773.99,503.09,92
410,HP Item 410,Home,Kitchen,Logitech,169.99,110.49,405
411,Logitech Item 411,Fashion,Clothing,Apple,1232.99,801.44,140
412,Sony Item 412,Home,Furniture,Logitech,1121.99,729.29,456
413,HP Item 413,Sports,Outdoor,Philips,1416.99,921.04,214
414,Apple Item 414,Sports,Fitness,Logitech,1426.99,927.54,434
415,Philips Item 415,Fashion,Shoes,Apple,1290.99,839.14,377
416,Adidas Item 416,Fashion,Shoes,Nike,444.99,289.24,21
417,Adidas Item 417,Beauty,Skin,HP,897.99,583.69,237
418,Dell Item 418,Home,Furniture,Logitech,445.99,289.89,104
419,Dell Item 419,Books,Business,HP,351.99,228.79,245
420,Samsung Item 420,Beauty,Hair,Philips,653.99,425.09,32
421,LG Item 421,Electronics,Accessories,Nike,1020.99,663.64,392
422,Samsung Item 422,Books,Fiction,Apple,572.99,372.44,455
423,Sony Item 423,Beauty,Hair,HP,1494.99,971.74,476
424,Apple Item 424,Beauty,Skin,Logitech,823.99,535.59,102
425,Samsung Item 425,Electronics,Laptops,Apple,817.99,531.69,139
426,LG Item 426,Home,Kitchen,Philips,887.99,577.19,401
427,Apple Item 427,Sports,Outdoor,Sony,378.99,246.34,39
428,LG Item 428,Sports,Outdoor,Apple,160.99,104.64,294
429,Nike Item 429,Home,Kitchen,LG,940.99,611.64,152
430,Sony Item 430,Fashion,Clothing,Philips,421.99,274.29,321
431,Sony Item 431,Sports,Outdoor,Apple,124.99,81.24,347
432,Dell Item 432,Home,Kitchen,HP,423.99,275.59,117
433,Philips Item 433,Home,Furniture,Dell,834.99,542.74,46
434,Samsung Item 434,Home,Kitchen,Samsung,1392.99,905.44,23
435,HP Item 435,Fashion,Clothing,LG,214.99,139.74,64
436,Philips Item 436,Electronics,Phones,Adidas,541.99,352.29,331
437,Adidas Item 437,Electronics,Accessories,HP,257.99,167.69,91
438,LG Item 438,Fashion,Shoes,Adidas,1482.99,963.94,59
439,Logitech Item 439,Beauty,Hair,Apple,168.99,109.84,118
440,Samsung Item 440,Electronics,Phones,LG,637.99,414.69,185
441,Sony Item 441,Beauty,Skin,Philips,766.99,498.54,190
442,Adidas Item 442,Beauty,Hair,Logitech,799.99,519.99,10
443,Logitech Item 443,Home,Kitchen,Apple,941.99,612.29,452
444,Adidas Item 444,Fashion,Shoes,Sony,682.99,443.94,74
445,LG Item 445,Beauty,Skin,HP,20.99,13.64,81
446,HP Item 446,Home,Furniture,Dell,169.99,110.49,309
447,Logitech Item 447,Sports,Fitness,Samsung,1108.99,720.84,198
448,Sony Item 448,Electronics,Phones,Samsung,420.99,273.64,489
449,Dell Item 449,Home,Furniture,Logitech,634.99,412.74,498
450,Adidas Item 450,Fashion,Shoes,Nike,670.99,436.14,472
451,Samsung Item 451,Fashion,Clothing,HP,1029.99,669.49,415
452,HP Item 452,Sports,Outdoor,Adidas,364.99,237.24,482
453,Nike Item 453,Sports,Fitness,Adidas,351.99,228.79,440
454,Sony Item 454,Home,Kitchen,Adidas,499.99,324.99,333
455,Logitech Item 455,Electronics,Laptops,Logitech,1465.99,952.89,494
456,Logitech Item 456,Electronics,Accessories,Sony,1330.99,865.14,233
457,Adidas Item 457,Home,Furniture,Nike,929.99,604.49,397
458,Samsung Item 458,Sports,Fitness,Dell,449.99,292.49,20
459,Adidas Item 459,Books,Fiction,Logitech,868.99,564.84,133
460,Samsung Item 460,Electronics,Accessories,Dell,1118.99,727.34,21
461,Nike Item 461,Beauty,Hair,Logitech,345.99,224.89,45
462,HP Item 462,Electronics,Phones,Adidas,30.99,20.14,385
463,Logitech Item 463,Sports,Outdoor,Samsung,1279.99,831.99,104
464,Nike Item 464,Books,Fiction,HP,820.99,533.64,128
465,Adidas Item 465,Fashion,Shoes,Sony,1287.99,837.19,466
466,LG Item 466,Electronics,Phones,Nike,796.99,518.04,97
467,LG Item 467,Home,Furniture,Philips,827.99,538.19,83
468,Adidas Item 468,Books,Fiction,Apple,757.99,492.69,101
469,Philips Item 469,Sports,Fitness,Sony,489.99,318.49,97
470,LG Item 470,Home,Furniture,Adidas,203.99,132.59,51
471,Logitech Item 471,Books,Fiction,HP,873.99,568.09,257
472,Adidas Item 472,Books,Business,Philips,393.99,256.09,412
473,Dell Item 473,Home,Kitchen,Samsung,1377.99,895.69,89
474,Samsung Item 474,Sports,Fitness,Dell,500.99,325.64,228
475,Dell Item 475,Beauty,Skin,Logitech,1263.99,821.59,127
476,Samsung Item 476,Fashion,Shoes,Logitech,732.99,476.44,326
477,Adidas Item 477,Home,Kitchen,Nike,1192.99,775.44,159
478,Adidas Item 478,Beauty,Hair,HP,296.99,193.04,494
479,Logitech Item 479,Fashion,Shoes,HP,1129.99,734.49,259
480,Apple Item 480,Sports,Outdoor,Apple,833.99,542.09,435
481,Nike Item 481,Home,Kitchen,LG,413.99,269.09,196
482,Dell Item 482,Electronics,Laptops,Apple,774.99,503.74,328
483,Apple Item 483,Home,Furniture,Nike,897.99,583.69,14
484,LG Item 484,Books,Fiction,Nike,622.99,404.94,468
485,Logitech Item 485,Sports,Outdoor,Sony,875.99,569.39,386
486,Samsung Item 486,Sports,Fitness,Apple,220.99,143.64,225
487,Sony Item 487,Sports,Fitness,Dell,417.99,271.69,291
488,Dell Item 488,Books,Fiction,Nike,732.99,476.44,341
489,HP Item 489,Beauty,Hair,Samsung,800.99,520.64,42
490,Adidas Item 490,Sports,Fitness,Logitech,968.99,629.84,424
491,Philips Item 491,Beauty,Skin,Logitech,891.99,579.79,225
492,Nike Item 492,Electronics,Accessories,HP,494.99,321.74,30
493,Dell Item 493,Home,Furniture,LG,451.99,293.79,206
494,Sony Item 494,Fashion,Shoes,Adidas,1384.99,900.24,139
495,Logitech Item 495,Home,Kitchen,HP,974.99,633.74,26
496,Philips Item 496,Sports,Fitness,LG,484.99,315.24,353
497,Logitech Item 497,Sports,Outdoor,Adidas,681.99,443.29,249
498,Dell Item 498,Beauty,Hair,Logitech,525.99,341.89,307
499,Philips Item 499,Sports,Fitness,LG,1078.99,701.34,417
500,Adidas Item 500,Fashion,Shoes,Adidas,835.99,543.39,453
