ReturnID,OrderID,ProductID,Reason,RefundAmount
1,1,471,Damaged,2690.14
2,4,6,Wrong Item,304.69
3,6,248,Damaged,782.45
4,9,127,Wrong Item,3307.52
5,15,308,Wrong Item,3312.54
6,29,379,No Longer Needed,1050.17
7,29,399,Damaged,276.99
8,31,480,Damaged,1531.2
9,31,84,No Longer Needed,181.75
10,41,184,Wrong Item,458.61
11,41,355,Wrong Item,99.34
12,41,321,No Longer Needed,624.23
13,49,417,Wrong Item,1842.67
14,50,367,Wrong Item,385.55
15,67,151,No Longer Needed,2954.84
16,67,231,Damaged,223.97
17,70,264,Damaged,4213.59
18,70,179,Damaged,925.31
19,78,98,No Longer Needed,3484.59
20,78,243,Damaged,5463.9
21,79,500,Damaged,767.44
22,79,384,Damaged,1844.73
23,79,286,Wrong Item,1007.93
24,101,375,Wrong Item,1990.19
25,108,452,Wrong Item,1064.31
26,112,340,Damaged,2536.25
27,112,229,No Longer Needed,1685.42
28,113,399,No Longer Needed,261.6
29,113,142,No Longer Needed,1195.54
30,113,239,Wrong Item,520.95
31,131,211,Wrong Item,476.27
32,150,346,Damaged,1758.2
33,150,226,Damaged,1084.71
34,150,123,Damaged,793.12
35,153,195,Damaged,386.47
36,159,416,Wrong Item,1297.59
37,159,171,Wrong Item,777.58
38,164,311,No Longer Needed,1049.75
39,174,323,No Longer Needed,2203.17
40,174,100,Damaged,946.05
41,187,411,Wrong Item,4527.54
42,197,276,Wrong Item,539.76
43,197,217,Wrong Item,2900.43
44,200,238,Wrong Item,257.95
45,203,329,Damaged,477.08
46,203,480,Wrong Item,1621.27
47,203,263,Wrong Item,723.37
48,203,226,Wrong Item,1205.24
49,209,228,No Longer Needed,903.95
50,226,428,Damaged,695.48
51,229,415,Wrong Item,1185.13
52,235,483,Damaged,2473.06
53,235,72,Wrong Item,471.95
54,236,478,No Longer Needed,609.42
55,253,204,Wrong Item,3734.39
56,253,144,No Longer Needed,761.04
57,275,381,No Longer Needed,3318.05
58,276,194,No Longer Needed,4920.44
59,276,377,No Longer Needed,1572.67
60,285,172,Wrong Item,2334.94
61,285,445,Wrong Item,43.07
62,289,109,No Longer Needed,3580.17
63,299,329,Wrong Item,1506.57
64,299,152,Wrong Item,44.05
65,299,495,Wrong Item,2843.07
66,307,23,No Longer Needed,1277.82
67,316,476,Wrong Item,2374.89
68,332,187,Damaged,1087.82
69,333,72,Wrong Item,1203.47
70,336,358,Wrong Item,261.6
71,336,311,Wrong Item,2332.78
72,341,51,Wrong Item,680.21
73,341,240,Wrong Item,4879.61
74,341,151,No Longer Needed,701.77
75,343,298,No Longer Needed,2880.65
76,357,477,Wrong Item,3285.49
77,357,378,No Longer Needed,1342
78,359,493,No Longer Needed,1464.45
79,359,33,Wrong Item,3851.9
80,384,182,Wrong Item,2236.54
81,434,246,Damaged,4727.77
82,448,76,Wrong Item,3749.94
83,458,180,No Longer Needed,2412.47
84,458,48,Wrong Item,2233.63
85,458,235,Damaged,3395.65
86,465,264,Wrong Item,2965.12
87,468,431,Wrong Item,364.47
88,483,98,No Longer Needed,3678.18
89,483,257,Wrong Item,4694.93
90,484,379,Damaged,1050.17
91,484,188,Wrong Item,1174.11
92,485,52,No Longer Needed,1239.27
93,506,211,No Longer Needed,857.28
94,517,179,Wrong Item,244.93
95,520,118,Wrong Item,392.88
96,524,142,Damaged,664.19
97,532,388,Wrong Item,3257.95
98,538,352,Damaged,4710.93
99,538,120,Damaged,1195.23
100,542,64,No Longer Needed,1595.02
101,546,14,No Longer Needed,3687.09
102,563,199,No Longer Needed,2717.84
103,563,483,No Longer Needed,1842.67
104,567,364,No Longer Needed,1883.71
105,571,193,No Longer Needed,3997.25
106,571,141,No Longer Needed,3613.54
107,571,2,No Longer Needed,94.54
108,589,362,Wrong Item,1235.48
109,592,457,No Longer Needed,2711.85
110,592,224,Damaged,900.05
111,597,270,Damaged,693.33
112,612,330,Wrong Item,1625.16
113,612,98,No Longer Needed,3871.77
114,620,318,No Longer Needed,650.14
115,621,90,No Longer Needed,758.26
116,621,486,No Longer Needed,716.01
117,621,454,Damaged,458.99
118,627,212,Wrong Item,2606.87
119,633,127,Damaged,2594.14
120,633,231,Wrong Item,527
121,635,306,No Longer Needed,1638.77
122,635,451,No Longer Needed,1891.06
123,644,15,Damaged,2969.98
124,644,486,Wrong Item,238.67
125,644,443,No Longer Needed,864.75
126,657,175,No Longer Needed,1370.71
127,657,108,Damaged,2559.58
128,657,451,No Longer Needed,4004.6
129,666,424,Wrong Item,2402.75
130,672,213,No Longer Needed,2044.08
131,672,130,Damaged,1283.03
132,672,411,No Longer Needed,1331.63
133,677,392,Damaged,2690.45
134,677,226,Wrong Item,271.18
135,677,299,Damaged,209.92
136,683,413,Wrong Item,1377.31
137,683,118,No Longer Needed,196.44
138,684,489,Damaged,1643.63
139,687,15,Wrong Item,1484.99
140,703,464,Damaged,2261
141,716,313,Wrong Item,4506.15
142,721,154,No Longer Needed,152.59
143,721,293,No Longer Needed,4756.49
144,732,112,Wrong Item,2820.92
145,733,298,Wrong Item,2033.4
146,733,285,No Longer Needed,961.35
147,737,246,No Longer Needed,1247.61
148,737,479,No Longer Needed,2074.66
149,751,157,No Longer Needed,33.04
150,751,71,Wrong Item,4817.63
151,759,243,Damaged,1365.97
152,762,316,Damaged,1184.86
153,762,357,No Longer Needed,989.04
154,764,343,No Longer Needed,2459.13
155,767,182,Damaged,1408.19
156,770,457,No Longer Needed,1707.46
157,770,202,Wrong Item,662.79
158,786,127,Damaged,2334.72
159,786,472,No Longer Needed,808.47
160,786,28,No Longer Needed,516.1
161,786,37,Wrong Item,656.62
162,796,439,No Longer Needed,547.53
163,796,458,Wrong Item,826.18
164,811,470,Damaged,837.17
165,811,116,Damaged,2132.55
166,816,130,Damaged,1090.57
167,819,159,Wrong Item,943.88
168,819,256,Damaged,1454.08
169,819,23,Damaged,676.49
170,833,477,Wrong Item,2576.86
171,842,320,Wrong Item,943.69
172,843,149,Wrong Item,2168.94
173,843,30,Wrong Item,299.37
174,848,296,No Longer Needed,114.46
175,865,168,Damaged,356.17
176,869,260,Damaged,1174.13
177,869,401,Damaged,2002.71
178,875,222,Damaged,5443.16
179,901,319,No Longer Needed,982.66
180,904,185,Wrong Item,983.62
181,913,208,No Longer Needed,973.93
182,918,170,Wrong Item,1777.01
183,926,458,Wrong Item,1846.76
184,938,332,Wrong Item,5240.76
185,938,96,Damaged,1179.34
186,945,212,No Longer Needed,2896.53
187,972,362,Wrong Item,1111.93
188,972,479,No Longer Needed,3661.17
189,981,186,Wrong Item,1722.15
190,1002,182,Wrong Item,3313.4
191,1002,201,No Longer Needed,975.87
192,1002,492,Damaged,1603.77
193,1002,337,Damaged,3385.44
194,1005,237,Wrong Item,2730.22
195,1012,271,Damaged,223.06
196,1013,327,Damaged,2845.98
197,1013,440,Wrong Item,620.13
198,1014,365,No Longer Needed,2762.23
199,1014,312,Damaged,1073.17
200,1016,288,No Longer Needed,3271.72
201,1016,110,Damaged,2717.24
202,1016,177,Damaged,4801.64
203,1023,248,Wrong Item,825.92
204,1028,343,Wrong Item,2336.17
205,1028,345,No Longer Needed,1275.47
206,1053,181,Wrong Item,359.63
207,1061,365,Wrong Item,3682.98
208,1061,36,Damaged,1147.48
209,1102,157,Wrong Item,124.82
210,1111,59,Damaged,991.4
211,1115,137,Wrong Item,1096.19
212,1118,337,Damaged,2507.74
213,1118,195,Damaged,431.94
214,1138,468,No Longer Needed,736.77
215,1144,386,No Longer Needed,585.12
216,1144,469,Wrong Item,899.62
217,1178,49,Damaged,344.22
218,1186,461,Wrong Item,952.85
219,1186,124,No Longer Needed,1428.38
220,1214,380,Damaged,1385.09
221,1214,301,Wrong Item,1118.86
222,1214,330,No Longer Needed,812.58
223,1214,253,Wrong Item,4229.24
224,1215,357,Damaged,1769.87
225,1221,67,Damaged,2566.05
226,1223,284,Damaged,3425.78
227,1223,385,Wrong Item,3968.97
228,1241,411,Wrong Item,4527.54
229,1246,182,Damaged,3313.4
230,1251,469,No Longer Needed,1508.19
231,1251,305,Wrong Item,1134.64
232,1255,163,Damaged,1871.4
233,1255,269,Damaged,1545.46
234,1260,9,Damaged,2906.25
235,1260,233,Damaged,260.47
236,1262,104,Damaged,4136.8
237,1262,76,Wrong Item,1388.87
238,1263,84,Damaged,605.85
239,1263,296,No Longer Needed,206.02
240,1263,88,Damaged,941.84
241,1281,467,Damaged,2280.28
242,1284,407,Wrong Item,347.74
243,1284,333,No Longer Needed,2408.59
244,1299,101,No Longer Needed,1431.26
245,1303,262,No Longer Needed,517.72
246,1320,40,Damaged,985.59
247,1322,232,Wrong Item,3246.45
248,1323,48,Wrong Item,1178.86
249,1323,361,Damaged,1465.1
250,1325,230,Wrong Item,2554.38
251,1325,425,Damaged,3003.66
252,1350,289,Wrong Item,3065.17
253,1361,240,Damaged,3852.33
254,1361,186,No Longer Needed,2026.06
255,1361,41,No Longer Needed,1069.18
256,1364,211,Damaged,476.27
257,1378,126,Damaged,1365.06
258,1378,109,Wrong Item,2148.1
259,1386,472,Damaged,404.23
260,1386,468,No Longer Needed,1473.53
261,1386,191,Damaged,1242.95
262,1387,374,Wrong Item,2216.14
263,1387,134,Wrong Item,597.11
264,1390,83,Wrong Item,564.29
265,1390,427,Damaged,388.84
266,1396,14,Wrong Item,1167.58
267,1419,450,Damaged,2174.01
268,1436,453,Damaged,342.13
269,1436,186,No Longer Needed,2887.13
270,1441,337,No Longer Needed,1065.79
271,1441,490,No Longer Needed,1883.71
272,1441,467,Damaged,1788.46
273,1452,81,No Longer Needed,4083.23
274,1452,388,Damaged,3641.24
275,1452,212,No Longer Needed,2462.04
276,1454,68,Wrong Item,997.88
277,1458,70,Damaged,1470.93
278,1459,272,Damaged,782.11
279,1482,408,Damaged,1308.12
280,1487,174,Damaged,2529.98
281,1487,362,No Longer Needed,555.96
282,1490,248,No Longer Needed,1738.78
283,1508,366,Wrong Item,4006.55
284,1514,453,Wrong Item,361.14
285,1524,420,Wrong Item,670.99
286,1541,196,Damaged,676.49
287,1548,286,Damaged,1007.93
288,1548,476,No Longer Needed,2691.54
289,1548,465,Damaged,5564.12
290,1549,332,No Longer Needed,2758.3
291,1552,157,Wrong Item,93.6
292,1557,484,No Longer Needed,2422.18
293,1557,320,No Longer Needed,999.21
294,1559,217,No Longer Needed,4108.94
295,1559,396,No Longer Needed,3024.82
296,1560,165,Damaged,3256.49
297,1560,438,No Longer Needed,5765.86
298,1563,179,Damaged,489.87
299,1566,43,Damaged,435.01
300,1579,182,Wrong Item,1408.19
301,1584,427,No Longer Needed,1637.24
302,1593,256,Wrong Item,855.34
303,1593,359,Damaged,455.51
304,1593,373,Damaged,5171
305,1603,250,Wrong Item,306.17
306,1608,471,No Longer Needed,2690.14
307,1610,123,No Longer Needed,1116.24
308,1612,304,No Longer Needed,388.77
309,1634,466,Damaged,2926.55
310,1641,397,No Longer Needed,583.84
311,1641,291,Damaged,4296.84
312,1644,124,Wrong Item,1260.33
313,1644,141,No Longer Needed,3803.73
314,1644,272,Damaged,828.12
315,1644,430,Wrong Item,911.5
316,1657,206,Wrong Item,3720.78
317,1657,323,No Longer Needed,2332.76
318,1668,415,Damaged,5019.37
319,1668,454,No Longer Needed,1457.97
320,1675,389,Damaged,2824.61
321,1684,119,Wrong Item,1001.37
322,1686,443,No Longer Needed,3458.99
323,1694,348,Damaged,1077.71
324,1694,315,No Longer Needed,829.11
325,1705,391,No Longer Needed,5679.89
326,1717,115,Damaged,563.26
327,1719,264,No Longer Needed,2965.12
328,1731,318,No Longer Needed,1105.24
329,1731,167,No Longer Needed,657.28
330,1746,111,No Longer Needed,1222.52
331,1749,107,Wrong Item,415.79
332,1749,426,Damaged,2877.09
333,1749,161,Wrong Item,1496.87
334,1769,390,No Longer Needed,124.82
335,1769,435,No Longer Needed,661.74
336,1769,147,Wrong Item,70.76
337,1772,471,No Longer Needed,1699.03
338,1777,456,No Longer Needed,5749.88
339,1784,165,Wrong Item,3884.94
340,1786,424,Damaged,800.92
341,1792,9,No Longer Needed,3681.24
342,1792,445,No Longer Needed,61.2
343,1799,199,Wrong Item,905.95
344,1800,76,Damaged,4999.93
345,1800,281,No Longer Needed,2479.66
346,1807,150,No Longer Needed,362.87
347,1807,170,No Longer Needed,935.27
348,1813,374,No Longer Needed,1883.71
349,1814,291,No Longer Needed,1922.27
350,1827,240,No Longer Needed,2439.81
351,1827,207,Damaged,3459.64
352,1835,84,No Longer Needed,686.63
353,1835,46,Wrong Item,3662.45
354,1841,98,No Longer Needed,1226.06
355,1841,432,Damaged,1236.35
356,1841,93,No Longer Needed,1535.89
357,1851,346,Wrong Item,439.55
358,1856,386,Wrong Item,975.21
359,1856,44,No Longer Needed,1267.9
360,1871,107,Damaged,1580
361,1872,302,Wrong Item,5702.36
362,1872,163,No Longer Needed,1674.41
363,1883,327,Wrong Item,3794.65
364,1883,57,Damaged,997.9
365,1904,326,Damaged,3801.56
366,1905,237,Damaged,5187.41
367,1909,40,Wrong Item,2080.68
368,1914,143,Wrong Item,1615.43
369,1914,365,Wrong Item,1083.23
370,1918,358,Damaged,92.33
371,1919,424,No Longer Needed,3025.7
372,1919,53,Wrong Item,828.35
373,1920,377,No Longer Needed,830.02
374,1925,130,No Longer Needed,3271.72
375,1925,282,Damaged,1756.47
376,1926,428,Wrong Item,347.74
377,1934,389,Wrong Item,5335.38
378,1939,478,Wrong Item,288.67
379,1939,136,No Longer Needed,592.89
380,1951,358,No Longer Needed,102.59
381,1957,263,Damaged,1446.75
382,1957,426,No Longer Needed,3836.12
383,1986,77,No Longer Needed,416.76
384,1993,160,Wrong Item,3712.04
385,1993,64,No Longer Needed,1595.02
386,1993,40,Wrong Item,492.79
387,2004,46,Wrong Item,915.61
388,2004,211,Wrong Item,1905.08
389,2013,39,Damaged,2752.68
390,2033,465,Damaged,1321.48
391,2036,75,Wrong Item,2856.35
392,2036,365,No Longer Needed,3682.98
393,2045,121,No Longer Needed,327.28
394,2057,434,No Longer Needed,4287.62
395,2059,384,No Longer Needed,873.82
396,2071,409,Damaged,3009.27
397,2076,115,Damaged,2134.47
398,2076,281,No Longer Needed,2107.71
399,2076,186,Damaged,3444.3
400,2079,25,Damaged,225.7
401,2079,475,Wrong Item,3685.79
402,2079,158,Wrong Item,5918.36
403,2090,433,Damaged,901.79
404,2094,369,Damaged,3854.92
405,2100,286,Damaged,1502.02
406,2100,461,Damaged,1270.48
407,2104,324,No Longer Needed,146.87
408,2104,372,No Longer Needed,335.06
409,2104,343,Wrong Item,819.71
410,2126,162,No Longer Needed,533.5
411,2126,388,No Longer Needed,4854.99
412,2141,126,Wrong Item,4817.85
413,2143,19,No Longer Needed,5138.16
414,2146,475,Damaged,5460.44
415,2156,403,No Longer Needed,3123.1
416,2157,198,No Longer Needed,2985.3
417,2169,373,Wrong Item,5745.56
418,2170,400,No Longer Needed,2820.94
419,2170,8,Damaged,1077.71
420,2171,355,Damaged,188.74
421,2171,151,Damaged,2105.32
422,2171,497,Wrong Item,1473.1
423,2171,314,Damaged,345.58
424,2172,174,Wrong Item,2120.71
425,2172,22,Damaged,1126.38
426,2172,25,Damaged,100.97
427,2175,117,Damaged,2948.69
428,2181,353,Wrong Item,303.24
429,2185,10,Damaged,566.34
430,2185,94,Wrong Item,3576.92
431,2186,247,Damaged,4069.41
432,2188,433,Damaged,3246.44
433,2198,370,No Longer Needed,1233.24
434,2198,480,No Longer Needed,855.67
435,2204,377,No Longer Needed,830.02
436,2204,305,Wrong Item,2536.25
437,2221,430,No Longer Needed,911.5
438,2221,437,No Longer Needed,264.7
439,2264,430,Wrong Item,1731.84
440,2269,437,Damaged,1058.79
441,2277,342,Damaged,3936.35
442,2277,466,No Longer Needed,3098.69
443,2278,153,Damaged,3308.65
444,2283,75,No Longer Needed,3407.58
445,2290,359,No Longer Needed,271.71
446,2318,454,Wrong Item,971.98
447,2318,83,No Longer Needed,1781.97
448,2323,311,Wrong Item,3324.21
449,2323,41,Damaged,1009.78
450,2323,190,Damaged,1083.23
451,2323,163,No Longer Needed,2954.85
452,2323,208,No Longer Needed,2164.3
453,2326,242,Wrong Item,6484.28
454,2327,9,Damaged,920.31
455,2328,249,Wrong Item,500.03
456,2329,295,Damaged,4032.15
457,2349,375,Wrong Item,1053.63
458,2352,243,Damaged,5785.3
459,2352,380,Wrong Item,2624.38
460,2353,169,No Longer Needed,2204.46
461,2356,287,Damaged,1187.98
462,2361,314,Damaged,164.15
463,2372,111,No Longer Needed,871.04
464,2372,376,No Longer Needed,474.29
465,2373,359,Wrong Item,303.67
466,2377,307,No Longer Needed,4997.56
467,2377,406,No Longer Needed,4377.85
468,2378,96,Wrong Item,1592.1
469,2388,232,No Longer Needed,3895.73
470,2389,454,Wrong Item,1538.97
471,2438,145,Damaged,2382.18
472,2441,214,Damaged,915.82
473,2460,457,Wrong Item,954.17
474,2460,38,No Longer Needed,708.67
475,2475,367,Wrong Item,453.59
476,2477,400,No Longer Needed,3596.69
477,2479,264,Wrong Item,2809.06
478,2479,356,Damaged,639.55
479,2480,493,Damaged,976.3
480,2480,472,Wrong Item,1702.04
481,2486,96,Damaged,1503.65
482,2487,155,No Longer Needed,1957.58
483,2487,413,No Longer Needed,1453.83
484,2487,400,No Longer Needed,1410.47
485,2488,177,Wrong Item,5068.4
486,2488,76,No Longer Needed,1388.87
487,2510,231,Damaged,223.97
488,2510,258,Damaged,1140.87
489,2525,69,Damaged,2049.93
490,2525,63,Damaged,3519.58
491,2525,248,Wrong Item,3303.68
492,2525,306,Damaged,3459.63
493,2549,36,Wrong Item,2699.96
494,2549,127,Damaged,2334.72
495,2564,251,Wrong Item,262.42
496,2566,465,Damaged,2503.85
497,2569,382,No Longer Needed,326.78
498,2576,363,Damaged,1971.84
499,2600,23,Damaged,676.49
500,2600,26,No Longer Needed,834.11
501,2602,26,No Longer Needed,292.67
502,2602,147,Wrong Item,42.21
503,2602,128,Damaged,1013.68
504,2616,112,Damaged,1269.41
505,2618,425,Wrong Item,2385.26
506,2628,53,Damaged,3313.4
507,2633,170,Wrong Item,794.98
508,2634,204,Damaged,1391.25
509,2640,198,No Longer Needed,3980.42
510,2641,147,No Longer Needed,99.32
511,2641,71,Damaged,2833.9
512,2642,83,No Longer Needed,534.59
513,2646,499,Wrong Item,3321.13
514,2647,16,Damaged,2493.15
515,2649,462,Wrong Item,66.94
516,2649,39,No Longer Needed,4129.02
517,2649,279,No Longer Needed,1672.36
518,2651,470,Damaged,594.83
519,2658,487,No Longer Needed,1354.29
520,2658,193,Damaged,946.72
521,2658,483,No Longer Needed,872.85
522,2661,214,Damaged,870.03
523,2662,204,Damaged,1464.47
524,2662,72,Wrong Item,849.51
525,2667,120,No Longer Needed,2812.3
526,2667,131,Wrong Item,381.66
527,2687,297,No Longer Needed,4461
528,2700,370,Damaged,2336.67
529,2707,440,Damaged,654.58
530,2715,41,Damaged,1692.87
531,2715,75,Damaged,1804.01
532,2721,402,No Longer Needed,2971.25
533,2735,278,Damaged,1389.94
534,2742,302,Damaged,2566.06
535,2742,53,Damaged,704.1
536,2742,287,No Longer Needed,564.29
537,2742,329,Wrong Item,502.19
538,2747,312,Wrong Item,1073.17
539,2754,167,Wrong Item,3093.08
540,2757,241,Damaged,1465.75
541,2759,65,Damaged,212.84
542,2759,500,No Longer Needed,1715.45
543,2759,179,No Longer Needed,489.87
544,2759,417,Wrong Item,2618.54
545,2759,322,No Longer Needed,851.44
546,2761,485,Damaged,946.07
547,2761,498,Wrong Item,1079.33
548,2766,108,Damaged,2175.64
549,2766,244,Damaged,185.72
550,2766,327,No Longer Needed,2687.87
551,2769,417,Damaged,3297.42
552,2794,498,No Longer Needed,1022.52
553,2794,199,No Longer Needed,1907.26
554,2802,215,Damaged,667.75
555,2808,124,Wrong Item,1512.39
556,2814,461,Damaged,336.3
557,2814,275,Wrong Item,677.14
558,2815,141,Wrong Item,1267.91
559,2831,66,Damaged,1196.6
560,2839,72,Wrong Item,471.95
561,2839,316,Damaged,2369.71
562,2851,432,Damaged,1373.73
563,2851,207,No Longer Needed,4370.07
564,2865,445,Wrong Item,38.53
565,2866,458,No Longer Needed,461.69
566,2873,239,No Longer Needed,434.13
567,2873,285,Wrong Item,2732.26
568,2875,224,No Longer Needed,1350.08
569,2879,446,No Longer Needed,156.05
570,2880,106,No Longer Needed,492.45
571,2882,365,Damaged,3899.62
572,2882,378,Damaged,5650.52
573,2883,453,No Longer Needed,969.38
574,2883,229,Wrong Item,1255.8
575,2883,308,Wrong Item,1226.87
576,2883,384,No Longer Needed,2767.09
577,2894,151,Damaged,738.71
578,2900,350,No Longer Needed,1106.18
579,2900,455,Damaged,6333.08
580,2900,300,Wrong Item,2035.56
581,2900,213,Wrong Item,1514.14
582,2903,242,Damaged,6484.28
583,2912,349,No Longer Needed,129.56
584,2912,166,Wrong Item,682.96
585,2914,142,Damaged,597.77
586,2914,436,Damaged,2341.4
587,2914,164,No Longer Needed,440.61
588,2918,363,No Longer Needed,3131.75
589,2919,251,Wrong Item,138.5
590,2924,198,No Longer Needed,1053.64
591,2937,138,No Longer Needed,1343.51
592,2937,164,Wrong Item,440.61
593,2950,83,No Longer Needed,1781.97
594,2950,453,Wrong Item,361.14
595,2957,229,No Longer Needed,2247.23
596,2973,169,Damaged,816.47
597,2973,80,No Longer Needed,1490.81
598,2973,331,Damaged,4358.4
599,2973,135,No Longer Needed,958.27
600,2985,66,Damaged,508.55
601,2985,342,Damaged,3299.58
602,2988,222,Wrong Item,3878.25
603,2988,91,Wrong Item,1935.12
604,2994,29,No Longer Needed,2107.7
605,3007,254,Wrong Item,2015.25
606,3007,33,Damaged,4305.05
607,3013,175,Wrong Item,2164.29
608,3015,490,No Longer Needed,2093.02
609,3017,381,Wrong Item,3143.42
610,3022,203,No Longer Needed,3217.29
611,3022,210,No Longer Needed,2980.77
612,3022,152,Damaged,49.24
613,3026,150,Wrong Item,979.74
614,3042,451,No Longer Needed,1112.39
615,3042,226,Wrong Item,903.93
616,3060,271,Wrong Item,223.06
617,3060,12,Wrong Item,392.68
618,3064,256,Wrong Item,1539.61
619,3065,92,Damaged,2302.54
620,3066,338,Wrong Item,2770.16
621,3068,361,Damaged,1723.65
622,3068,202,Damaged,662.79
623,3068,72,Wrong Item,1887.8
624,3070,499,Wrong Item,3495.93
625,3074,201,Damaged,1843.31
626,3074,458,Damaged,826.18
627,3077,426,No Longer Needed,959.03
628,3077,359,Damaged,407.56
629,3079,186,No Longer Needed,1924.75
630,3082,277,Wrong Item,1644.58
631,3084,437,Damaged,264.7
632,3084,72,No Longer Needed,424.75
633,3084,47,Damaged,1535.89
634,3087,224,Damaged,1350.08
635,3104,50,No Longer Needed,2506.12
636,3116,118,No Longer Needed,462.22
637,3116,498,No Longer Needed,1022.52
638,3118,238,No Longer Needed,1213.88
639,3118,431,Damaged,344.22
640,3118,214,No Longer Needed,870.03
641,3126,391,No Longer Needed,4259.92
642,3128,24,Wrong Item,1144.98
643,3138,175,Damaged,721.43
644,3138,166,No Longer Needed,803.49
645,3140,20,Damaged,2734.52
646,3141,17,No Longer Needed,2125.83
647,3141,323,No Longer Needed,1101.58
648,3141,321,Wrong Item,2203.17
649,3146,131,Damaged,401.75
650,3146,447,No Longer Needed,1077.94
651,3149,172,No Longer Needed,4436.38
652,3149,360,Damaged,396.57
653,3154,332,Damaged,2344.55
654,3156,132,No Longer Needed,2991.77
655,3159,318,No Longer Needed,650.14
656,3159,57,No Longer Needed,848.21
657,3164,143,Damaged,1017.12
658,3164,293,No Longer Needed,3191.85
659,3172,380,Wrong Item,4373.97
660,3176,31,No Longer Needed,2111.14
661,3177,8,Damaged,2409
662,3177,91,Wrong Item,1138.31
663,3185,41,Damaged,564.29
664,3185,111,No Longer Needed,1161.39
665,3192,437,Damaged,1114.52
666,3192,463,Wrong Item,2488.3
667,3209,300,Wrong Item,2035.56
668,3212,471,Wrong Item,3775.64
669,3212,98,Damaged,4388.01
670,3224,67,Wrong Item,3801.56
671,3224,177,Wrong Item,5068.4
672,3224,327,Wrong Item,1897.32
673,3224,151,Wrong Item,2954.84
674,3225,399,Damaged,184.66
675,3225,142,No Longer Needed,1693.68
676,3225,430,No Longer Needed,1367.25
677,3252,335,Wrong Item,819.71
678,3254,2,Wrong Item,211.33
679,3264,143,No Longer Needed,2393.24
680,3270,386,No Longer Needed,585.12
681,3278,65,No Longer Needed,236.49
682,3278,115,No Longer Needed,2015.9
683,3278,278,Wrong Item,1312.72
684,3290,272,No Longer Needed,1656.25
685,3320,301,Damaged,475.51
686,3320,308,Wrong Item,4907.48
687,3320,13,Damaged,444.29
688,3327,87,Wrong Item,5614.23
689,3327,212,Damaged,2462.04
690,3338,272,No Longer Needed,391.06
691,3338,253,Wrong Item,2114.62
692,3339,116,Wrong Item,2251.02
693,3351,462,Damaged,90.36
694,3351,57,No Longer Needed,1422
695,3351,124,Wrong Item,714.18
696,3361,65,Damaged,283.78
697,3369,488,No Longer Needed,2849.86
698,3376,37,Damaged,328.31
699,3386,176,Wrong Item,1215.42
700,3400,167,Damaged,734.61
701,3405,143,Damaged,2153.91
702,3428,52,Wrong Item,1749.56
703,3428,295,Damaged,5376.2
704,3431,26,Damaged,526.8
705,3460,273,No Longer Needed,5045.72
706,3461,239,Damaged,369
707,3461,257,Wrong Item,2223.91
708,3461,74,Wrong Item,132.18
709,3468,359,Damaged,431.54
710,3468,201,Damaged,1382.48
711,3468,401,Damaged,948.65
712,3469,485,No Longer Needed,1797.53
713,3469,476,Wrong Item,672.88
714,3478,199,No Longer Needed,810.58
715,3482,1,Wrong Item,1133.98
716,3482,319,Damaged,1310.21
717,3487,29,No Longer Needed,2231.67
718,3494,359,Wrong Item,287.69
719,3497,65,No Longer Needed,157.66
720,3499,444,Wrong Item,2507.94
721,3499,166,Damaged,763.31
722,3509,243,Wrong Item,1607.03
723,3511,412,Damaged,1211.75
724,3520,414,No Longer Needed,4392.27
725,3520,384,Damaged,3689.45
726,3522,42,Damaged,1457.94
727,3528,163,No Longer Needed,935.7
728,3529,335,Damaged,1557.45
729,3541,419,Damaged,1083.42
730,3543,140,Damaged,2546.51
731,3552,302,Wrong Item,5702.36
732,3564,73,No Longer Needed,946.45
733,3578,110,No Longer Needed,577.41
734,3578,227,Damaged,3684.82
735,3587,214,Damaged,435.01
736,3587,473,No Longer Needed,2827.63
737,3587,13,Damaged,522.7
738,3607,113,Wrong Item,1781.97
739,3607,248,Damaged,2216.94
740,3617,251,Damaged,123.92
741,3620,327,Wrong Item,4216.28
742,3625,229,No Longer Needed,660.95
743,3635,198,No Longer Needed,2107.27
744,3635,320,Wrong Item,1054.72
745,3635,67,Damaged,2708.61
746,3642,495,Damaged,1052.99
747,3644,468,No Longer Needed,2087.5
748,3652,348,Wrong Item,1711.66
749,3654,239,Damaged,390.71
750,3668,327,No Longer Needed,2687.87
751,3689,249,Damaged,1900.11
752,3693,279,Wrong Item,1584.34
753,3711,227,No Longer Needed,5202.1
754,3714,194,Damaged,2091.18
755,3714,486,Wrong Item,429.6
756,3720,396,Damaged,1512.41
757,3731,140,Wrong Item,4020.81
758,3736,143,Damaged,2393.24
759,3740,283,Wrong Item,186.59
760,3741,414,Wrong Item,4161.1
761,3741,189,No Longer Needed,562.72
762,3743,132,Damaged,708.58
763,3750,423,Wrong Item,4843.77
764,3750,399,Damaged,184.66
765,3767,385,Wrong Item,2645.98
766,3767,494,No Longer Needed,5983.16
767,3772,183,Wrong Item,52.32
768,3787,458,Wrong Item,1749.56
769,3787,459,Damaged,2533.97
770,3787,2,Wrong Item,378.18
771,3788,159,Damaged,670.65
772,3798,430,Damaged,1230.52
773,3821,224,Damaged,1425.08
774,3825,234,No Longer Needed,1249.64
775,3825,115,No Longer Needed,533.62
776,3832,127,Damaged,4669.45
777,3835,100,No Longer Needed,804.14
778,3860,370,Damaged,5192.6
779,3861,17,Wrong Item,559.43
780,3862,34,Damaged,139.51
781,3865,177,Wrong Item,5068.4
782,3868,149,No Longer Needed,3881.27
783,3868,269,Damaged,3090.92
784,3868,145,Damaged,887.48
785,3881,492,No Longer Needed,2031.44
786,3898,40,Damaged,1560.51
787,3898,480,No Longer Needed,900.71
788,3902,297,Wrong Item,2993.57
789,3902,308,No Longer Needed,4171.36
790,3902,265,No Longer Needed,1867.28
791,3903,267,Damaged,1233.24
792,3912,70,Damaged,980.62
793,3915,188,No Longer Needed,4143.93
794,3916,340,No Longer Needed,4004.61
795,3943,494,Damaged,5085.69
796,3943,99,No Longer Needed,4376.88
797,3949,50,Damaged,5307.08
798,3949,386,No Longer Needed,325.07
799,3949,480,No Longer Needed,900.71
800,3965,101,Wrong Item,5725.04
801,3965,357,No Longer Needed,520.55
802,3965,73,No Longer Needed,3340.41
803,3967,91,Damaged,2902.68
804,3967,428,No Longer Needed,443.36
805,3967,231,Wrong Item,500.64
806,3969,413,Wrong Item,1453.83
807,3969,84,Wrong Item,767.4
808,3969,363,Wrong Item,4639.64
809,3976,230,No Longer Needed,1608.31
810,3981,483,No Longer Needed,824.35
811,3981,160,Wrong Item,1306.09
812,3988,355,Damaged,178.81
813,3988,413,No Longer Needed,3060.7
814,3998,344,Damaged,2437.74
815,4001,199,Wrong Item,905.95
816,4001,375,Damaged,585.35
817,4014,195,Damaged,1727.74
818,4017,296,Damaged,217.47
819,4021,289,Wrong Item,3245.48
820,4021,22,No Longer Needed,3776.67
821,4023,494,No Longer Needed,5684
822,4027,196,Wrong Item,714.07
823,4027,424,No Longer Needed,756.42
824,4027,94,Wrong Item,849.52
825,4030,384,Damaged,825.27
826,4051,52,No Longer Needed,1312.17
827,4051,92,Wrong Item,2187.41
828,4079,408,No Longer Needed,872.08
829,4083,34,Wrong Item,249.66
830,4083,281,No Longer Needed,3533.51
831,4091,78,Damaged,5742.53
832,4091,353,No Longer Needed,320.09
833,4091,281,Damaged,4215.42
834,4092,307,Damaged,1469.87
835,4126,279,Damaged,836.18
836,4126,446,No Longer Needed,495.69
837,4130,304,Damaged,388.77
838,4130,187,Wrong Item,2559.58
839,4134,304,No Longer Needed,233.26
840,4134,256,Damaged,1539.61
841,4136,318,No Longer Needed,617.63
842,4136,108,Damaged,4351.29
843,4139,349,No Longer Needed,32.39
844,4139,343,No Longer Needed,2459.13
845,4152,268,Wrong Item,2258.26
846,4178,102,Wrong Item,2550.61
847,4181,315,Damaged,1566.09
848,4181,378,Wrong Item,2683.99
849,4197,193,Wrong Item,946.72
850,4198,96,No Longer Needed,1002.43
851,4204,258,Wrong Item,855.65
852,4204,54,No Longer Needed,1333.56
853,4206,48,Damaged,2481.82
854,4206,426,Damaged,815.17
855,4206,356,No Longer Needed,639.55
856,4214,383,Damaged,1920.22
857,4214,257,No Longer Needed,3706.53
858,4214,360,Wrong Item,749.07
859,4225,260,Wrong Item,326.15
860,4236,277,Wrong Item,1233.44
861,4236,325,Wrong Item,2052.82
862,4236,182,No Longer Needed,745.51
863,4242,57,Damaged,1696.43
864,4242,3,Wrong Item,2595.21
865,4243,11,Wrong Item,4685.01
866,4250,11,Wrong Item,5622.01
867,4255,111,No Longer Needed,1100.26
868,4261,173,Wrong Item,1991.6
869,4268,487,Damaged,812.57
870,4277,468,Wrong Item,3274.52
871,4283,24,No Longer Needed,1446.29
872,4300,166,Wrong Item,482.09
873,4318,193,Damaged,3576.5
874,4330,478,No Longer Needed,641.5
875,4332,146,Damaged,110.76
876,4336,27,Wrong Item,2172.87
877,4356,297,No Longer Needed,2113.11
878,4381,222,Wrong Item,4626.69
879,4400,108,Damaged,2303.62
880,4420,332,Damaged,1241.23
881,4430,64,Wrong Item,2126.69
882,4430,185,Wrong Item,546.46
883,4430,132,Wrong Item,669.21
884,4430,265,No Longer Needed,884.5
885,4439,252,Wrong Item,823.44
886,4440,418,Damaged,867
887,4442,203,Damaged,1072.43
888,4455,364,No Longer Needed,2982.55
889,4461,165,No Longer Needed,2170.99
890,4461,489,Damaged,3460.28
891,4473,232,Wrong Item,1947.87
892,4481,166,No Longer Needed,763.31
893,4481,39,Damaged,5811.22
894,4489,144,No Longer Needed,563.74
895,4501,455,Wrong Item,6333.08
896,4505,143,No Longer Needed,1196.62
897,4514,416,Damaged,456.56
898,4514,58,Damaged,1293.45
899,4514,283,Wrong Item,58.74
900,4514,267,No Longer Needed,3505
901,4520,219,Wrong Item,2151.98
902,4526,443,Wrong Item,2746.84
903,4527,441,Wrong Item,1491.03
904,4527,18,Damaged,3211.45
905,4529,330,Wrong Item,769.81
906,4529,476,Wrong Item,2018.65
907,4537,345,Damaged,4846.78
908,4537,424,No Longer Needed,3381.65
909,4544,450,No Longer Needed,2753.74
910,4549,380,Damaged,2915.98
911,4549,291,Damaged,3053.02
912,4551,86,No Longer Needed,313.92
913,4552,402,Wrong Item,2345.73
914,4558,380,No Longer Needed,3717.87
915,4561,92,Damaged,1036.14
916,4563,425,Damaged,3003.66
917,4571,192,Damaged,354.33
918,4576,235,Damaged,2396.93
919,4583,169,Damaged,2939.29
920,4587,324,Wrong Item,440.61
921,4597,376,Wrong Item,375.48
922,4597,314,No Longer Needed,164.15
923,4597,315,Damaged,3316.42
924,4600,63,No Longer Needed,1238.37
925,4603,472,Wrong Item,1531.83
926,4614,411,Wrong Item,1265.05
927,4614,96,Wrong Item,1592.1
928,4614,206,Damaged,3720.78
929,4614,267,Damaged,1103.43
930,4627,306,Wrong Item,864.91
931,4627,367,Damaged,771.1
932,4646,258,Wrong Item,255.19
933,4666,248,Wrong Item,2477.76
934,4666,334,No Longer Needed,1743.74
935,4674,193,Wrong Item,2997.94
936,4682,378,Wrong Item,5085.46
937,4682,141,Wrong Item,2409.03
938,4705,180,Damaged,638.59
939,4705,310,No Longer Needed,5008.58
940,4707,429,No Longer Needed,4065.08
941,4707,156,No Longer Needed,2657.43
942,4712,63,Damaged,1108.02
943,4712,139,Damaged,3712.04
944,4714,369,No Longer Needed,1213.59
945,4714,436,No Longer Needed,556.08
946,4715,417,Damaged,1939.66
947,4715,193,Wrong Item,2682.36
948,4718,156,Wrong Item,1328.71
949,4720,181,Wrong Item,359.63
950,4720,33,No Longer Needed,3398.73
951,4722,168,Damaged,754.25
952,4739,24,No Longer Needed,381.66
953,4739,221,Damaged,4452.8
954,4741,156,No Longer Needed,1254.9
955,4742,438,No Longer Needed,1441.47
956,4742,158,Damaged,5030.61
957,4742,226,No Longer Needed,1084.71
958,4742,343,Damaged,1557.45
959,4749,61,Wrong Item,381.96
960,4749,229,Wrong Item,1883.7
961,4762,40,No Longer Needed,547.55
962,4762,43,Damaged,824.23
963,4768,126,Damaged,2730.11
964,4784,445,Wrong Item,64.61
965,4784,233,Wrong Item,390.71
966,4784,7,Wrong Item,2992.65
967,4791,36,No Longer Needed,2294.97
968,4791,397,Damaged,583.84
969,4795,248,Damaged,3303.68
970,4802,184,No Longer Needed,820.67
971,4813,490,Damaged,3558.14
972,4819,161,No Longer Needed,5388.73
973,4822,292,No Longer Needed,3530.26
974,4822,439,No Longer Needed,164.26
975,4825,9,No Longer Needed,871.87
976,4825,182,No Longer Needed,2236.54
977,4828,106,Wrong Item,279.05
978,4828,10,Damaged,2384.6
979,4844,82,No Longer Needed,3315.99
980,4881,239,Wrong Item,520.95
981,4881,215,Damaged,2522.63
982,4885,87,Wrong Item,1481.53
983,4893,494,No Longer Needed,1271.42
984,4893,197,Damaged,1283.02
985,4900,406,No Longer Needed,3100.97
986,4902,403,Wrong Item,3287.48
987,4912,376,Damaged,223.97
988,4992,430,Damaged,1162.16
